Street,Suburb,Property Number,Lot/DP,Land Number 1,Land Number 2,Land Numbers,Description,Ward,Status,Area1,Area2,Areas,Zone1,Zone2,Zones,Application,Content
"77 FERNDALE ST",ANNERLEY,626996,109RP37535,10641584," 10641583",N/A,"L.108/109 RP.37535 PAR Y'PILLY",TENNYSON,CURRENT,"Area: 473 sq.m","Area: 468 sq.m",N/A,"QPP-CR2 - CHARACTER (INFILL HOUSING) ZONE","QPP-CR2 - CHARACTER (INFILL HOUSING) ZONE",N/A,"There are no applications against this property","QPP-SHO - STREETSCAPE HIERARCHY OVERLAY | QPP-CIO - CRITICAL INFRASTRUCTURE AND MOVEMENT NETWORK (CIMN) OVERLAY | QPP-DHO - DWELLING HOUSE CHARACTER OVERLAY | QPP-AEO-PANS - AIRPORT ENVIRONS OVERLAY - PROCEDURES AIR NAV SERVICES-AIRCRAFT OPS SURFACES SUB-CATEGORIES | QPP-CIO-CIM - CRITICAL INFRASTRUCTURE AND MOVEMENT NETWORK (CIMN) OVERLAY - CIMN PLANNING AREA SUB-CATEGORY | QPP-TBCO - TRADITIONAL BUILDING CHARACTER OVERLAY | QPP-AEO-S8 - AIRPORT ENVIRONS OVERLAY - BBS SUB-CATEGORIES - DISTANCE FROM AIRPORT 3-8KM SUB-CATEGORY | QPP-AEO-OLS - AIRPORT ENVIRONS OVERLAY - OBSTACLE LIMITATION SURFACES (OLS) SUB-CATEGORIES | QPP-TBCO-N - TRADITIONAL BUILDING CHARACTER OVERLAY - NEIGHBOURHOOD CHARACTER SUB-CATEGORY | QPP-AEO - AIRPORT ENVIRONS OVERLAY | QPP-RHO - ROAD HIERARCHY OVERLAY | QPP-AEO-BBS - AIRPORT ENVIRONS OVERLAY - BIRD AND BAT STRIKE ZONE SUB-CATEGORIES | QPP-MSDNP - MOOROOKA-STEPHENS DISTRICT NEIGHBOURHOOD PLAN | QPP-AEO-OAD - AIRPORT ENVIRONS OVERLAY - APPROACH AND DEPARTURE LIMITATION SURFACE BOUNDARY AND CONTOURS SUB-CAT | QPP-SHO - STREETSCAPE HIERARCHY OVERLAY | QPP-CIO - CRITICAL INFRASTRUCTURE AND MOVEMENT NETWORK (CIMN) OVERLAY | QPP-DHO - DWELLING HOUSE CHARACTER OVERLAY | QPP-AEO-PANS - AIRPORT ENVIRONS OVERLAY - PROCEDURES AIR NAV SERVICES-AIRCRAFT OPS SURFACES SUB-CATEGORIES | QPP-CIO-CIM - CRITICAL INFRASTRUCTURE AND MOVEMENT NETWORK (CIMN) OVERLAY - CIMN PLANNING AREA SUB-CATEGORY | QPP-TBCO - TRADITIONAL BUILDING CHARACTER OVERLAY | QPP-AEO-S8 - AIRPORT ENVIRONS OVERLAY - BBS SUB-CATEGORIES - DISTANCE FROM AIRPORT 3-8KM SUB-CATEGORY | QPP-AEO-OLS - AIRPORT ENVIRONS OVERLAY - OBSTACLE LIMITATION SURFACES (OLS) SUB-CATEGORIES | QPP-TBCO-N - TRADITIONAL BUILDING CHARACTER OVERLAY - NEIGHBOURHOOD CHARACTER SUB-CATEGORY | QPP-AEO - AIRPORT ENVIRONS OVERLAY | QPP-RHO - ROAD HIERARCHY OVERLAY | QPP-AEO-BBS - AIRPORT ENVIRONS OVERLAY - BIRD AND BAT STRIKE ZONE SUB-CATEGORIES | QPP-MSDNP - MOOROOKA-STEPHENS DISTRICT NEIGHBOURHOOD PLAN | QPP-AEO-OAD - AIRPORT ENVIRONS OVERLAY - APPROACH AND DEPARTURE LIMITATION SURFACE BOUNDARY AND CONTOURS SUB-CAT |"
"21 DUKE ST",ANNERLEY,418219,183RP37417,10624905,N/A,N/A,"L.183 RP.37417 PAR Y'PILLY",TENNYSON,CURRENT,"Area: 412 sq.m",N/A,N/A,"QPP-LMR2 - LOW MEDIUM DENSITY RESIDENTIAL (2 OR 3 STOREY MIX) ZONE",N/A,N/A,"There are no applications against this property","QPP-SHO - STREETSCAPE HIERARCHY OVERLAY | QPP-TNO - TRANSPORT NOISE CORRIDOR OVERLAY | QPP-CIO - CRITICAL INFRASTRUCTURE AND MOVEMENT NETWORK (CIMN) OVERLAY | QPP-DHO - DWELLING HOUSE CHARACTER OVERLAY | QPP-AEO-PANS - AIRPORT ENVIRONS OVERLAY - PROCEDURES AIR NAV SERVICES-AIRCRAFT OPS SURFACES SUB-CATEGORIES | QPP-CIO-CIM - CRITICAL INFRASTRUCTURE AND MOVEMENT NETWORK (CIMN) OVERLAY - CIMN PLANNING AREA SUB-CATEGORY | QPP-TNO-QD4 - TRANSPORT NOISE CORRIDOR OVERLAY - QUEENSLAND DEVELOPMENT CODE MP4.4 NOISE CATEGORY 4 SUB-CATEGORY | QPP-AEO-S8 - AIRPORT ENVIRONS OVERLAY - BBS SUB-CATEGORIES - DISTANCE FROM AIRPORT 3-8KM SUB-CATEGORY | QPP-TAO - TRANSPORT AIR QUALITY CORRIDOR OVERLAY | QPP-AEO-OLS - AIRPORT ENVIRONS OVERLAY - OBSTACLE LIMITATION SURFACES (OLS) SUB-CATEGORIES | QPP-ASSO-P - POTENTIAL AND ACTUAL ACID SULFATE SOILS OVERLAY-POTENTIAL AND ACTUAL ACID SULFATE SOILS SUB-CATEGORY | QPP-ASSO-L2 - POTENTIAL AND ACTUAL ACID SULFATE SOILS OVERLAY - LAND ABOVE 5M AHD AND BELOW 20M AHD SUB-CATEGORY | QPP-ECNP - EASTERN CORRIDOR NEIGHBOURHOOD PLAN | QPP-RHO - ROAD HIERARCHY OVERLAY | QPP-AEO - AIRPORT ENVIRONS OVERLAY | QPP-AEO-BBS - AIRPORT ENVIRONS OVERLAY - BIRD AND BAT STRIKE ZONE SUB-CATEGORIES | QPP-TNO-QD3 - TRANSPORT NOISE CORRIDOR OVERLAY - QUEENSLAND DEVELOPMENT CODE MP4.4 NOISE CATEGORY 3 SUB-CATEGORY | QPP-ECNP-7B - EASTERN CORRIDOR NP - ANNERLEY RESIDENTIAL 7B SUB-PRECINCT | QPP-ASSO - POTENTIAL AND ACTUAL ACID SULFATE SOILS OVERLAY | QPP-AEO-OAD - AIRPORT ENVIRONS OVERLAY - APPROACH AND DEPARTURE LIMITATION SURFACE BOUNDARY AND CONTOURS SUB-CAT | QPP-ECNP-7 - EASTERN CORRIDOR NP - ANNERLEY PRECINCT |"
"23 DUKE ST",ANNERLEY,625335,182RP37417,10624907," 10624906",N/A,"L.182 413 RP.37417 PAR Y'PILLY",TENNYSON,CURRENT,"Area: 207 sq.m","Area: 412 sq.m",N/A,"QPP-LMR2 - LOW MEDIUM DENSITY RESIDENTIAL (2 OR 3 STOREY MIX) ZONE","QPP-LMR2 - LOW MEDIUM DENSITY RESIDENTIAL (2 OR 3 STOREY MIX) ZONE",N/A,"There are no applications against this property","QPP-SHO - STREETSCAPE HIERARCHY OVERLAY | QPP-TNO - TRANSPORT NOISE CORRIDOR OVERLAY | QPP-CIO - CRITICAL INFRASTRUCTURE AND MOVEMENT NETWORK (CIMN) OVERLAY | QPP-DHO - DWELLING HOUSE CHARACTER OVERLAY | QPP-AEO-PANS - AIRPORT ENVIRONS OVERLAY - PROCEDURES AIR NAV SERVICES-AIRCRAFT OPS SURFACES SUB-CATEGORIES | QPP-CIO-CIM - CRITICAL INFRASTRUCTURE AND MOVEMENT NETWORK (CIMN) OVERLAY - CIMN PLANNING AREA SUB-CATEGORY | QPP-TNO-QD4 - TRANSPORT NOISE CORRIDOR OVERLAY - QUEENSLAND DEVELOPMENT CODE MP4.4 NOISE CATEGORY 4 SUB-CATEGORY | QPP-AEO-S8 - AIRPORT ENVIRONS OVERLAY - BBS SUB-CATEGORIES - DISTANCE FROM AIRPORT 3-8KM SUB-CATEGORY | QPP-TAO - TRANSPORT AIR QUALITY CORRIDOR OVERLAY | QPP-AEO-OLS - AIRPORT ENVIRONS OVERLAY - OBSTACLE LIMITATION SURFACES (OLS) SUB-CATEGORIES | QPP-ASSO-P - POTENTIAL AND ACTUAL ACID SULFATE SOILS OVERLAY-POTENTIAL AND ACTUAL ACID SULFATE SOILS SUB-CATEGORY | QPP-ASSO-L2 - POTENTIAL AND ACTUAL ACID SULFATE SOILS OVERLAY - LAND ABOVE 5M AHD AND BELOW 20M AHD SUB-CATEGORY | QPP-ECNP - EASTERN CORRIDOR NEIGHBOURHOOD PLAN | QPP-AEO - AIRPORT ENVIRONS OVERLAY | QPP-RHO - ROAD HIERARCHY OVERLAY | QPP-AEO-BBS - AIRPORT ENVIRONS OVERLAY - BIRD AND BAT STRIKE ZONE SUB-CATEGORIES | QPP-TNO-QD3 - TRANSPORT NOISE CORRIDOR OVERLAY - QUEENSLAND DEVELOPMENT CODE MP4.4 NOISE CATEGORY 3 SUB-CATEGORY | QPP-ECNP-7B - EASTERN CORRIDOR NP - ANNERLEY RESIDENTIAL 7B SUB-PRECINCT | QPP-ASSO - POTENTIAL AND ACTUAL ACID SULFATE SOILS OVERLAY | QPP-AEO-OAD - AIRPORT ENVIRONS OVERLAY - APPROACH AND DEPARTURE LIMITATION SURFACE BOUNDARY AND CONTOURS SUB-CAT | QPP-ECNP-7 - EASTERN CORRIDOR NP - ANNERLEY PRECINCT | QPP-SHO - STREETSCAPE HIERARCHY OVERLAY | QPP-TNO - TRANSPORT NOISE CORRIDOR OVERLAY | QPP-CIO - CRITICAL INFRASTRUCTURE AND MOVEMENT NETWORK (CIMN) OVERLAY | QPP-DHO - DWELLING HOUSE CHARACTER OVERLAY | QPP-AEO-PANS - AIRPORT ENVIRONS OVERLAY - PROCEDURES AIR NAV SERVICES-AIRCRAFT OPS SURFACES SUB-CATEGORIES | QPP-CIO-CIM - CRITICAL INFRASTRUCTURE AND MOVEMENT NETWORK (CIMN) OVERLAY - CIMN PLANNING AREA SUB-CATEGORY | QPP-TNO-QD4 - TRANSPORT NOISE CORRIDOR OVERLAY - QUEENSLAND DEVELOPMENT CODE MP4.4 NOISE CATEGORY 4 SUB-CATEGORY | QPP-AEO-S8 - AIRPORT ENVIRONS OVERLAY - BBS SUB-CATEGORIES - DISTANCE FROM AIRPORT 3-8KM SUB-CATEGORY | QPP-TAO - TRANSPORT AIR QUALITY CORRIDOR OVERLAY | QPP-AEO-OLS - AIRPORT ENVIRONS OVERLAY - OBSTACLE LIMITATION SURFACES (OLS) SUB-CATEGORIES | QPP-ASSO-P - POTENTIAL AND ACTUAL ACID SULFATE SOILS OVERLAY-POTENTIAL AND ACTUAL ACID SULFATE SOILS SUB-CATEGORY | QPP-ASSO-L2 - POTENTIAL AND ACTUAL ACID SULFATE SOILS OVERLAY - LAND ABOVE 5M AHD AND BELOW 20M AHD SUB-CATEGORY | QPP-ECNP - EASTERN CORRIDOR NEIGHBOURHOOD PLAN | QPP-AEO - AIRPORT ENVIRONS OVERLAY | QPP-RHO - ROAD HIERARCHY OVERLAY | QPP-AEO-BBS - AIRPORT ENVIRONS OVERLAY - BIRD AND BAT STRIKE ZONE SUB-CATEGORIES | QPP-TNO-QD3 - TRANSPORT NOISE CORRIDOR OVERLAY - QUEENSLAND DEVELOPMENT CODE MP4.4 NOISE CATEGORY 3 SUB-CATEGORY | QPP-ECNP-7B - EASTERN CORRIDOR NP - ANNERLEY RESIDENTIAL 7B SUB-PRECINCT | QPP-ASSO - POTENTIAL AND ACTUAL ACID SULFATE SOILS OVERLAY | QPP-AEO-OAD - AIRPORT ENVIRONS OVERLAY - APPROACH AND DEPARTURE LIMITATION SURFACE BOUNDARY AND CONTOURS SUB-CAT | QPP-ECNP-7 - EASTERN CORRIDOR NP - ANNERLEY PRECINCT |"
"2 SYDNEY AV","CAMP HILL",891427,1SP169422,11026974,N/A,N/A,"L.1 SP.169422 PAR BULIMBA",MORNINGSIDE,CURRENT,"Area: 400 sq.m",N/A,N/A,"QPP-LDR - LOW DENSITY RESIDENTIAL ZONE",N/A,N/A,"There are no applications against this property","QPP-SHO - STREETSCAPE HIERARCHY OVERLAY | QPP-BO - BUSHFIRE OVERLAY | QPP-DHO - DWELLING HOUSE CHARACTER OVERLAY | QPP-CIO - CRITICAL INFRASTRUCTURE AND MOVEMENT NETWORK (CIMN) OVERLAY | QPP-AEO-PANS - AIRPORT ENVIRONS OVERLAY - PROCEDURES AIR NAV SERVICES-AIRCRAFT OPS SURFACES SUB-CATEGORIES | QPP-AEO-S13 - AIRPORT ENVIRONS OVERLAY - BBS SUB-CATEGORIES - DISTANCE FROM AIRPORT 8-13KM SUB-CATEGORY | QPP-CIO-CIM - CRITICAL INFRASTRUCTURE AND MOVEMENT NETWORK (CIMN) OVERLAY - CIMN PLANNING AREA SUB-CATEGORY | QPP-BO-HBU - BUSHFIRE OVERLAY - HIGH HAZARD BUFFER AREA SUB-CATEGORY | QPP-AEO-OLS - AIRPORT ENVIRONS OVERLAY - OBSTACLE LIMITATION SURFACES (OLS) SUB-CATEGORIES | QPP-RHO - ROAD HIERARCHY OVERLAY | QPP-AEO - AIRPORT ENVIRONS OVERLAY | QPP-BNO - BICYCLE NETWORK OVERLAY | QPP-AEO-BBS - AIRPORT ENVIRONS OVERLAY - BIRD AND BAT STRIKE ZONE SUB-CATEGORIES | QPP-AEO-OHL - AIRPORT ENVIRONS OVERLAY - HORIZONTAL LIMITATION SURFACE BOUNDARY SUB-CATEGORY | QPP-RGNP - RIVER GATEWAY NEIGHBOURHOOD PLAN |"
"4 SYDNEY AV","CAMP HILL",552025,194RP62471,10825950,N/A,N/A,"L.194 RP.62471 PAR BULIMBA",MORNINGSIDE,CURRENT,"Area: 713 sq.m",N/A,N/A,"QPP-LDR - LOW DENSITY RESIDENTIAL ZONE",N/A,N/A,"There are no applications against this property","QPP-SHO - STREETSCAPE HIERARCHY OVERLAY | QPP-BO - BUSHFIRE OVERLAY | QPP-DHO - DWELLING HOUSE CHARACTER OVERLAY | QPP-CIO - CRITICAL INFRASTRUCTURE AND MOVEMENT NETWORK (CIMN) OVERLAY | QPP-BO-HH - BUSHFIRE OVERLAY - HIGH HAZARD AREA SUB-CATEGORY | QPP-AEO-PANS - AIRPORT ENVIRONS OVERLAY - PROCEDURES AIR NAV SERVICES-AIRCRAFT OPS SURFACES SUB-CATEGORIES | QPP-AEO-S13 - AIRPORT ENVIRONS OVERLAY - BBS SUB-CATEGORIES - DISTANCE FROM AIRPORT 8-13KM SUB-CATEGORY | QPP-CIO-CIM - CRITICAL INFRASTRUCTURE AND MOVEMENT NETWORK (CIMN) OVERLAY - CIMN PLANNING AREA SUB-CATEGORY | QPP-BO-HBU - BUSHFIRE OVERLAY - HIGH HAZARD BUFFER AREA SUB-CATEGORY | QPP-AEO-OLS - AIRPORT ENVIRONS OVERLAY - OBSTACLE LIMITATION SURFACES (OLS) SUB-CATEGORIES | QPP-BO-MH - BUSHFIRE OVERLAY - MEDIUM HAZARD AREA SUB-CATEGORY | QPP-RHO - ROAD HIERARCHY OVERLAY | QPP-AEO - AIRPORT ENVIRONS OVERLAY | QPP-BNO - BICYCLE NETWORK OVERLAY | QPP-AEO-BBS - AIRPORT ENVIRONS OVERLAY - BIRD AND BAT STRIKE ZONE SUB-CATEGORIES | QPP-AEO-OHL - AIRPORT ENVIRONS OVERLAY - HORIZONTAL LIMITATION SURFACE BOUNDARY SUB-CATEGORY | QPP-RGNP - RIVER GATEWAY NEIGHBOURHOOD PLAN |"
"6 SYDNEY AV","CAMP HILL",552026,1RP62471,10825951,N/A,N/A,"L.1 RP.62471 PAR BULIMBA",MORNINGSIDE,CURRENT,"Area: 708 sq.m",N/A,N/A,"QPP-LDR - LOW DENSITY RESIDENTIAL ZONE",N/A,N/A,"There are no applications against this property","QPP-SHO - STREETSCAPE HIERARCHY OVERLAY | QPP-BO - BUSHFIRE OVERLAY | QPP-DHO - DWELLING HOUSE CHARACTER OVERLAY | QPP-CIO - CRITICAL INFRASTRUCTURE AND MOVEMENT NETWORK (CIMN) OVERLAY | QPP-BO-HH - BUSHFIRE OVERLAY - HIGH HAZARD AREA SUB-CATEGORY | QPP-AEO-PANS - AIRPORT ENVIRONS OVERLAY - PROCEDURES AIR NAV SERVICES-AIRCRAFT OPS SURFACES SUB-CATEGORIES | QPP-AEO-S13 - AIRPORT ENVIRONS OVERLAY - BBS SUB-CATEGORIES - DISTANCE FROM AIRPORT 8-13KM SUB-CATEGORY | QPP-CIO-CIM - CRITICAL INFRASTRUCTURE AND MOVEMENT NETWORK (CIMN) OVERLAY - CIMN PLANNING AREA SUB-CATEGORY | QPP-BO-HBU - BUSHFIRE OVERLAY - HIGH HAZARD BUFFER AREA SUB-CATEGORY | QPP-AEO-OLS - AIRPORT ENVIRONS OVERLAY - OBSTACLE LIMITATION SURFACES (OLS) SUB-CATEGORIES | QPP-BO-MH - BUSHFIRE OVERLAY - MEDIUM HAZARD AREA SUB-CATEGORY | QPP-RHO - ROAD HIERARCHY OVERLAY | QPP-AEO - AIRPORT ENVIRONS OVERLAY | QPP-BNO - BICYCLE NETWORK OVERLAY | QPP-AEO-BBS - AIRPORT ENVIRONS OVERLAY - BIRD AND BAT STRIKE ZONE SUB-CATEGORIES | QPP-AEO-OHL - AIRPORT ENVIRONS OVERLAY - HORIZONTAL LIMITATION SURFACE BOUNDARY SUB-CATEGORY | QPP-RGNP - RIVER GATEWAY NEIGHBOURHOOD PLAN |"
"8 SYDNEY AV","CAMP HILL",552027,130RP13178,10825952,N/A,N/A,"L.130 RP.13178 PAR BULIMBA",MORNINGSIDE,CURRENT,"Area: 640 sq.m",N/A,N/A,"QPP-LDR - LOW DENSITY RESIDENTIAL ZONE",N/A,N/A,"There are no applications against this property","QPP-SHO - STREETSCAPE HIERARCHY OVERLAY | QPP-BO - BUSHFIRE OVERLAY | QPP-DHO - DWELLING HOUSE CHARACTER OVERLAY | QPP-CIO - CRITICAL INFRASTRUCTURE AND MOVEMENT NETWORK (CIMN) OVERLAY | QPP-AEO-PANS - AIRPORT ENVIRONS OVERLAY - PROCEDURES AIR NAV SERVICES-AIRCRAFT OPS SURFACES SUB-CATEGORIES | QPP-AEO-S13 - AIRPORT ENVIRONS OVERLAY - BBS SUB-CATEGORIES - DISTANCE FROM AIRPORT 8-13KM SUB-CATEGORY | QPP-CIO-CIM - CRITICAL INFRASTRUCTURE AND MOVEMENT NETWORK (CIMN) OVERLAY - CIMN PLANNING AREA SUB-CATEGORY | QPP-BO-HBU - BUSHFIRE OVERLAY - HIGH HAZARD BUFFER AREA SUB-CATEGORY | QPP-AEO-OLS - AIRPORT ENVIRONS OVERLAY - OBSTACLE LIMITATION SURFACES (OLS) SUB-CATEGORIES | QPP-RHO - ROAD HIERARCHY OVERLAY | QPP-AEO - AIRPORT ENVIRONS OVERLAY | QPP-BNO - BICYCLE NETWORK OVERLAY | QPP-AEO-BBS - AIRPORT ENVIRONS OVERLAY - BIRD AND BAT STRIKE ZONE SUB-CATEGORIES | QPP-AEO-OHL - AIRPORT ENVIRONS OVERLAY - HORIZONTAL LIMITATION SURFACE BOUNDARY SUB-CATEGORY | QPP-RGNP - RIVER GATEWAY NEIGHBOURHOOD PLAN |"
"10 SYDNEY AV","CAMP HILL",552028,131RP13178,10825953,N/A,N/A,"L.131 RP.13178 PAR BULIMBA",MORNINGSIDE,CURRENT,"Area: 640 sq.m",N/A,N/A,"QPP-LDR - LOW DENSITY RESIDENTIAL ZONE",N/A,N/A,"There are no applications against this property","QPP-SHO - STREETSCAPE HIERARCHY OVERLAY | QPP-BO - BUSHFIRE OVERLAY | QPP-DHO - DWELLING HOUSE CHARACTER OVERLAY | QPP-CIO - CRITICAL INFRASTRUCTURE AND MOVEMENT NETWORK (CIMN) OVERLAY | QPP-CIO-CIM - CRITICAL INFRASTRUCTURE AND MOVEMENT NETWORK (CIMN) OVERLAY - CIMN PLANNING AREA SUB-CATEGORY | QPP-AEO-S13 - AIRPORT ENVIRONS OVERLAY - BBS SUB-CATEGORIES - DISTANCE FROM AIRPORT 8-13KM SUB-CATEGORY | QPP-AEO-PANS - AIRPORT ENVIRONS OVERLAY - PROCEDURES AIR NAV SERVICES-AIRCRAFT OPS SURFACES SUB-CATEGORIES | QPP-BO-HBU - BUSHFIRE OVERLAY - HIGH HAZARD BUFFER AREA SUB-CATEGORY | QPP-AEO-OLS - AIRPORT ENVIRONS OVERLAY - OBSTACLE LIMITATION SURFACES (OLS) SUB-CATEGORIES | QPP-AEO - AIRPORT ENVIRONS OVERLAY | QPP-RHO - ROAD HIERARCHY OVERLAY | QPP-BNO - BICYCLE NETWORK OVERLAY | QPP-AEO-BBS - AIRPORT ENVIRONS OVERLAY - BIRD AND BAT STRIKE ZONE SUB-CATEGORIES | QPP-AEO-OHL - AIRPORT ENVIRONS OVERLAY - HORIZONTAL LIMITATION SURFACE BOUNDARY SUB-CATEGORY | QPP-RGNP - RIVER GATEWAY NEIGHBOURHOOD PLAN |"
"11 SYDNEY AV","CAMP HILL",552029,129RP13178,10825954,N/A,N/A,"L.129 RP.13178 PAR BULIMBA",MORNINGSIDE,CURRENT,"Area: 809 sq.m",N/A,N/A,"QPP-LDR - LOW DENSITY RESIDENTIAL ZONE",N/A,N/A,"A003954778 - Subdivision of LandA003974103 - Subdivision of Land","QPP-SHO - STREETSCAPE HIERARCHY OVERLAY | QPP-BO - BUSHFIRE OVERLAY | QPP-DHO - DWELLING HOUSE CHARACTER OVERLAY | QPP-CIO - CRITICAL INFRASTRUCTURE AND MOVEMENT NETWORK (CIMN) OVERLAY | QPP-AEO-S13 - AIRPORT ENVIRONS OVERLAY - BBS SUB-CATEGORIES - DISTANCE FROM AIRPORT 8-13KM SUB-CATEGORY | QPP-AEO-PANS - AIRPORT ENVIRONS OVERLAY - PROCEDURES AIR NAV SERVICES-AIRCRAFT OPS SURFACES SUB-CATEGORIES | QPP-CIO-CIM - CRITICAL INFRASTRUCTURE AND MOVEMENT NETWORK (CIMN) OVERLAY - CIMN PLANNING AREA SUB-CATEGORY | QPP-BO-HBU - BUSHFIRE OVERLAY - HIGH HAZARD BUFFER AREA SUB-CATEGORY | QPP-AEO-OLS - AIRPORT ENVIRONS OVERLAY - OBSTACLE LIMITATION SURFACES (OLS) SUB-CATEGORIES | QPP-AEO - AIRPORT ENVIRONS OVERLAY | QPP-RHO - ROAD HIERARCHY OVERLAY | QPP-BNO - BICYCLE NETWORK OVERLAY | QPP-AEO-BBS - AIRPORT ENVIRONS OVERLAY - BIRD AND BAT STRIKE ZONE SUB-CATEGORIES | QPP-AEO-OHL - AIRPORT ENVIRONS OVERLAY - HORIZONTAL LIMITATION SURFACE BOUNDARY SUB-CATEGORY | QPP-RGNP - RIVER GATEWAY NEIGHBOURHOOD PLAN |"
"12 SYDNEY AV","CAMP HILL",552030,132RP13178,10825955,N/A,N/A,"L.132 RP.13178 PAR BULIMBA",MORNINGSIDE,CURRENT,"Area: 607 sq.m",N/A,N/A,"QPP-LDR - LOW DENSITY RESIDENTIAL ZONE",N/A,N/A,"There are no applications against this property","QPP-SHO - STREETSCAPE HIERARCHY OVERLAY | QPP-BO - BUSHFIRE OVERLAY | QPP-DHO - DWELLING HOUSE CHARACTER OVERLAY | QPP-CIO - CRITICAL INFRASTRUCTURE AND MOVEMENT NETWORK (CIMN) OVERLAY | QPP-AEO-PANS - AIRPORT ENVIRONS OVERLAY - PROCEDURES AIR NAV SERVICES-AIRCRAFT OPS SURFACES SUB-CATEGORIES | QPP-AEO-S13 - AIRPORT ENVIRONS OVERLAY - BBS SUB-CATEGORIES - DISTANCE FROM AIRPORT 8-13KM SUB-CATEGORY | QPP-CIO-CIM - CRITICAL INFRASTRUCTURE AND MOVEMENT NETWORK (CIMN) OVERLAY - CIMN PLANNING AREA SUB-CATEGORY | QPP-BO-HBU - BUSHFIRE OVERLAY - HIGH HAZARD BUFFER AREA SUB-CATEGORY | QPP-AEO-OLS - AIRPORT ENVIRONS OVERLAY - OBSTACLE LIMITATION SURFACES (OLS) SUB-CATEGORIES | QPP-AEO - AIRPORT ENVIRONS OVERLAY | QPP-RHO - ROAD HIERARCHY OVERLAY | QPP-BNO - BICYCLE NETWORK OVERLAY | QPP-AEO-BBS - AIRPORT ENVIRONS OVERLAY - BIRD AND BAT STRIKE ZONE SUB-CATEGORIES | QPP-AEO-OHL - AIRPORT ENVIRONS OVERLAY - HORIZONTAL LIMITATION SURFACE BOUNDARY SUB-CATEGORY | QPP-RGNP - RIVER GATEWAY NEIGHBOURHOOD PLAN |"
"13 SYDNEY AV","CAMP HILL",1029043,1SP223886,11280467,N/A,N/A,"L.1 SP.223886 PAR BULIMBA",MORNINGSIDE,CURRENT,"Area: 405 sq.m",N/A,N/A,"QPP-LDR - LOW DENSITY RESIDENTIAL ZONE",N/A,N/A,"There are no applications against this property","QPP-SHO - STREETSCAPE HIERARCHY OVERLAY | QPP-BO - BUSHFIRE OVERLAY | QPP-DHO - DWELLING HOUSE CHARACTER OVERLAY | QPP-CIO - CRITICAL INFRASTRUCTURE AND MOVEMENT NETWORK (CIMN) OVERLAY | QPP-AEO-PANS - AIRPORT ENVIRONS OVERLAY - PROCEDURES AIR NAV SERVICES-AIRCRAFT OPS SURFACES SUB-CATEGORIES | QPP-AEO-S13 - AIRPORT ENVIRONS OVERLAY - BBS SUB-CATEGORIES - DISTANCE FROM AIRPORT 8-13KM SUB-CATEGORY | QPP-CIO-CIM - CRITICAL INFRASTRUCTURE AND MOVEMENT NETWORK (CIMN) OVERLAY - CIMN PLANNING AREA SUB-CATEGORY | QPP-BO-HBU - BUSHFIRE OVERLAY - HIGH HAZARD BUFFER AREA SUB-CATEGORY | QPP-AEO-OLS - AIRPORT ENVIRONS OVERLAY - OBSTACLE LIMITATION SURFACES (OLS) SUB-CATEGORIES | QPP-RHO - ROAD HIERARCHY OVERLAY | QPP-AEO - AIRPORT ENVIRONS OVERLAY | QPP-BNO - BICYCLE NETWORK OVERLAY | QPP-AEO-BBS - AIRPORT ENVIRONS OVERLAY - BIRD AND BAT STRIKE ZONE SUB-CATEGORIES | QPP-AEO-OHL - AIRPORT ENVIRONS OVERLAY - HORIZONTAL LIMITATION SURFACE BOUNDARY SUB-CATEGORY | QPP-RGNP - RIVER GATEWAY NEIGHBOURHOOD PLAN |"
"14 SYDNEY AV","CAMP HILL",890102,1SP154153,11025298,N/A,N/A,"L.1 SP.154153 PAR BULIMBA",MORNINGSIDE,CURRENT,"Area: 405 sq.m",N/A,N/A,"QPP-LDR - LOW DENSITY RESIDENTIAL ZONE",N/A,N/A,"There are no applications against this property","QPP-SHO - STREETSCAPE HIERARCHY OVERLAY | QPP-BO - BUSHFIRE OVERLAY | QPP-DHO - DWELLING HOUSE CHARACTER OVERLAY | QPP-CIO - CRITICAL INFRASTRUCTURE AND MOVEMENT NETWORK (CIMN) OVERLAY | QPP-AEO-PANS - AIRPORT ENVIRONS OVERLAY - PROCEDURES AIR NAV SERVICES-AIRCRAFT OPS SURFACES SUB-CATEGORIES | QPP-AEO-S13 - AIRPORT ENVIRONS OVERLAY - BBS SUB-CATEGORIES - DISTANCE FROM AIRPORT 8-13KM SUB-CATEGORY | QPP-CIO-CIM - CRITICAL INFRASTRUCTURE AND MOVEMENT NETWORK (CIMN) OVERLAY - CIMN PLANNING AREA SUB-CATEGORY | QPP-BO-HBU - BUSHFIRE OVERLAY - HIGH HAZARD BUFFER AREA SUB-CATEGORY | QPP-AEO-OLS - AIRPORT ENVIRONS OVERLAY - OBSTACLE LIMITATION SURFACES (OLS) SUB-CATEGORIES | QPP-RHO - ROAD HIERARCHY OVERLAY | QPP-AEO - AIRPORT ENVIRONS OVERLAY | QPP-BNO - BICYCLE NETWORK OVERLAY | QPP-AEO-BBS - AIRPORT ENVIRONS OVERLAY - BIRD AND BAT STRIKE ZONE SUB-CATEGORIES | QPP-AEO-OHL - AIRPORT ENVIRONS OVERLAY - HORIZONTAL LIMITATION SURFACE BOUNDARY SUB-CATEGORY | QPP-RGNP - RIVER GATEWAY NEIGHBOURHOOD PLAN |"
"15 SYDNEY AV","CAMP HILL",1029044,2SP223886,11280468,N/A,N/A,"L.2 SP.223886 PAR BULIMBA",MORNINGSIDE,CURRENT,"Area: 405 sq.m",N/A,N/A,"QPP-LDR - LOW DENSITY RESIDENTIAL ZONE",N/A,N/A,"A002681712 - House On Small Lot, House in DCP (New House), House On Small Lot, House in DCP (New House)","QPP-SHO - STREETSCAPE HIERARCHY OVERLAY | QPP-BO - BUSHFIRE OVERLAY | QPP-DHO - DWELLING HOUSE CHARACTER OVERLAY | QPP-CIO - CRITICAL INFRASTRUCTURE AND MOVEMENT NETWORK (CIMN) OVERLAY | QPP-AEO-PANS - AIRPORT ENVIRONS OVERLAY - PROCEDURES AIR NAV SERVICES-AIRCRAFT OPS SURFACES SUB-CATEGORIES | QPP-AEO-S13 - AIRPORT ENVIRONS OVERLAY - BBS SUB-CATEGORIES - DISTANCE FROM AIRPORT 8-13KM SUB-CATEGORY | QPP-CIO-CIM - CRITICAL INFRASTRUCTURE AND MOVEMENT NETWORK (CIMN) OVERLAY - CIMN PLANNING AREA SUB-CATEGORY | QPP-BO-HBU - BUSHFIRE OVERLAY - HIGH HAZARD BUFFER AREA SUB-CATEGORY | QPP-AEO-OLS - AIRPORT ENVIRONS OVERLAY - OBSTACLE LIMITATION SURFACES (OLS) SUB-CATEGORIES | QPP-RHO - ROAD HIERARCHY OVERLAY | QPP-AEO - AIRPORT ENVIRONS OVERLAY | QPP-BNO - BICYCLE NETWORK OVERLAY | QPP-AEO-BBS - AIRPORT ENVIRONS OVERLAY - BIRD AND BAT STRIKE ZONE SUB-CATEGORIES | QPP-AEO-OHL - AIRPORT ENVIRONS OVERLAY - HORIZONTAL LIMITATION SURFACE BOUNDARY SUB-CATEGORY | QPP-RGNP - RIVER GATEWAY NEIGHBOURHOOD PLAN |"
"16 SYDNEY AV","CAMP HILL",890103,2SP154153,11025299,N/A,N/A,"L.2 SP.154153 PAR BULIMBA",MORNINGSIDE,CURRENT,"Area: 405 sq.m",N/A,N/A,"QPP-LDR - LOW DENSITY RESIDENTIAL ZONE",N/A,N/A,"There are no applications against this property","QPP-SHO - STREETSCAPE HIERARCHY OVERLAY | QPP-BO - BUSHFIRE OVERLAY | QPP-DHO - DWELLING HOUSE CHARACTER OVERLAY | QPP-CIO - CRITICAL INFRASTRUCTURE AND MOVEMENT NETWORK (CIMN) OVERLAY | QPP-AEO-PANS - AIRPORT ENVIRONS OVERLAY - PROCEDURES AIR NAV SERVICES-AIRCRAFT OPS SURFACES SUB-CATEGORIES | QPP-CIO-CIM - CRITICAL INFRASTRUCTURE AND MOVEMENT NETWORK (CIMN) OVERLAY - CIMN PLANNING AREA SUB-CATEGORY | QPP-AEO-S13 - AIRPORT ENVIRONS OVERLAY - BBS SUB-CATEGORIES - DISTANCE FROM AIRPORT 8-13KM SUB-CATEGORY | QPP-BO-HBU - BUSHFIRE OVERLAY - HIGH HAZARD BUFFER AREA SUB-CATEGORY | QPP-AEO-OLS - AIRPORT ENVIRONS OVERLAY - OBSTACLE LIMITATION SURFACES (OLS) SUB-CATEGORIES | QPP-AEO - AIRPORT ENVIRONS OVERLAY | QPP-RHO - ROAD HIERARCHY OVERLAY | QPP-BNO - BICYCLE NETWORK OVERLAY | QPP-AEO-BBS - AIRPORT ENVIRONS OVERLAY - BIRD AND BAT STRIKE ZONE SUB-CATEGORIES | QPP-AEO-OHL - AIRPORT ENVIRONS OVERLAY - HORIZONTAL LIMITATION SURFACE BOUNDARY SUB-CATEGORY | QPP-RGNP - RIVER GATEWAY NEIGHBOURHOOD PLAN |"
"17 SYDNEY AV","CAMP HILL",1144104,3SP268434,11360272,N/A,N/A,"L.3 SP.268434 PAR BULIMBA",MORNINGSIDE,CURRENT,"Area: 405 sq.m",N/A,N/A,"QPP-LDR - LOW DENSITY RESIDENTIAL ZONE",N/A,N/A,"There are no applications against this property","QPP-BO - BUSHFIRE OVERLAY | QPP-SHO - STREETSCAPE HIERARCHY OVERLAY | QPP-CIO - CRITICAL INFRASTRUCTURE AND MOVEMENT NETWORK (CIMN) OVERLAY | QPP-DHO - DWELLING HOUSE CHARACTER OVERLAY | QPP-CIO-CIM - CRITICAL INFRASTRUCTURE AND MOVEMENT NETWORK (CIMN) OVERLAY - CIMN PLANNING AREA SUB-CATEGORY | QPP-AEO-S13 - AIRPORT ENVIRONS OVERLAY - BBS SUB-CATEGORIES - DISTANCE FROM AIRPORT 8-13KM SUB-CATEGORY | QPP-AEO-PANS - AIRPORT ENVIRONS OVERLAY - PROCEDURES AIR NAV SERVICES-AIRCRAFT OPS SURFACES SUB-CATEGORIES | QPP-BO-HBU - BUSHFIRE OVERLAY - HIGH HAZARD BUFFER AREA SUB-CATEGORY | QPP-AEO-OLS - AIRPORT ENVIRONS OVERLAY - OBSTACLE LIMITATION SURFACES (OLS) SUB-CATEGORIES | QPP-AEO - AIRPORT ENVIRONS OVERLAY | QPP-BNO - BICYCLE NETWORK OVERLAY | QPP-AEO-BBS - AIRPORT ENVIRONS OVERLAY - BIRD AND BAT STRIKE ZONE SUB-CATEGORIES | QPP-RHO - ROAD HIERARCHY OVERLAY | QPP-AEO-OHL - AIRPORT ENVIRONS OVERLAY - HORIZONTAL LIMITATION SURFACE BOUNDARY SUB-CATEGORY | QPP-RGNP - RIVER GATEWAY NEIGHBOURHOOD PLAN |"
"18 SYDNEY AV","CAMP HILL",1007208,3SP207888,11265482,N/A,N/A,"L.3 SP.207888 PAR BULIMBA",MORNINGSIDE,CURRENT,"Area: 405 sq.m",N/A,N/A,"QPP-LDR - LOW DENSITY RESIDENTIAL ZONE",N/A,N/A,"There are no applications against this property","QPP-SHO - STREETSCAPE HIERARCHY OVERLAY | QPP-BO - BUSHFIRE OVERLAY | QPP-DHO - DWELLING HOUSE CHARACTER OVERLAY | QPP-CIO - CRITICAL INFRASTRUCTURE AND MOVEMENT NETWORK (CIMN) OVERLAY | QPP-CIO-CIM - CRITICAL INFRASTRUCTURE AND MOVEMENT NETWORK (CIMN) OVERLAY - CIMN PLANNING AREA SUB-CATEGORY | QPP-AEO-S13 - AIRPORT ENVIRONS OVERLAY - BBS SUB-CATEGORIES - DISTANCE FROM AIRPORT 8-13KM SUB-CATEGORY | QPP-AEO-PANS - AIRPORT ENVIRONS OVERLAY - PROCEDURES AIR NAV SERVICES-AIRCRAFT OPS SURFACES SUB-CATEGORIES | QPP-BO-HBU - BUSHFIRE OVERLAY - HIGH HAZARD BUFFER AREA SUB-CATEGORY | QPP-AEO-OLS - AIRPORT ENVIRONS OVERLAY - OBSTACLE LIMITATION SURFACES (OLS) SUB-CATEGORIES | QPP-RHO - ROAD HIERARCHY OVERLAY | QPP-AEO - AIRPORT ENVIRONS OVERLAY | QPP-BNO - BICYCLE NETWORK OVERLAY | QPP-AEO-BBS - AIRPORT ENVIRONS OVERLAY - BIRD AND BAT STRIKE ZONE SUB-CATEGORIES | QPP-AEO-OHL - AIRPORT ENVIRONS OVERLAY - HORIZONTAL LIMITATION SURFACE BOUNDARY SUB-CATEGORY | QPP-RGNP - RIVER GATEWAY NEIGHBOURHOOD PLAN |"
"19 SYDNEY AV","CAMP HILL",1144105,4SP268434,11360273,N/A,N/A,"L.4 SP.268434 PAR BULIMBA",MORNINGSIDE,CURRENT,"Area: 405 sq.m",N/A,N/A,"QPP-LDR - LOW DENSITY RESIDENTIAL ZONE",N/A,N/A,"A003975643 - Dwelling House, Dwelling House","QPP-BO - BUSHFIRE OVERLAY | QPP-SHO - STREETSCAPE HIERARCHY OVERLAY | QPP-CIO - CRITICAL INFRASTRUCTURE AND MOVEMENT NETWORK (CIMN) OVERLAY | QPP-DHO - DWELLING HOUSE CHARACTER OVERLAY | QPP-CIO-CIM - CRITICAL INFRASTRUCTURE AND MOVEMENT NETWORK (CIMN) OVERLAY - CIMN PLANNING AREA SUB-CATEGORY | QPP-AEO-S13 - AIRPORT ENVIRONS OVERLAY - BBS SUB-CATEGORIES - DISTANCE FROM AIRPORT 8-13KM SUB-CATEGORY | QPP-AEO-PANS - AIRPORT ENVIRONS OVERLAY - PROCEDURES AIR NAV SERVICES-AIRCRAFT OPS SURFACES SUB-CATEGORIES | QPP-BO-HBU - BUSHFIRE OVERLAY - HIGH HAZARD BUFFER AREA SUB-CATEGORY | QPP-AEO-OLS - AIRPORT ENVIRONS OVERLAY - OBSTACLE LIMITATION SURFACES (OLS) SUB-CATEGORIES | QPP-AEO-BBS - AIRPORT ENVIRONS OVERLAY - BIRD AND BAT STRIKE ZONE SUB-CATEGORIES | QPP-BNO - BICYCLE NETWORK OVERLAY | QPP-AEO - AIRPORT ENVIRONS OVERLAY | QPP-RHO - ROAD HIERARCHY OVERLAY | QPP-AEO-OHL - AIRPORT ENVIRONS OVERLAY - HORIZONTAL LIMITATION SURFACE BOUNDARY SUB-CATEGORY | QPP-RGNP - RIVER GATEWAY NEIGHBOURHOOD PLAN |"
"19 SYDNEY AV","CAMP HILL",552034,127RP13178,10825959,N/A,N/A,"L.127 RP.13178 PAR BULIMBA",MORNINGSIDE,CURRENT,"Area: 809 sq.m",N/A,N/A,"QPP-LDR - LOW DENSITY RESIDENTIAL ZONE",N/A,N/A,"A001647087 - Subdivision of LandA002991422 - Subdivision of LandA003706419 - Subdivision of LandA003917229 - Plan SealingA003942398 -","QPP-SHO - STREETSCAPE HIERARCHY OVERLAY | QPP-BO - BUSHFIRE OVERLAY | QPP-DHO - DWELLING HOUSE CHARACTER OVERLAY | QPP-CIO - CRITICAL INFRASTRUCTURE AND MOVEMENT NETWORK (CIMN) OVERLAY | QPP-AEO-PANS - AIRPORT ENVIRONS OVERLAY - PROCEDURES AIR NAV SERVICES-AIRCRAFT OPS SURFACES SUB-CATEGORIES | QPP-AEO-S13 - AIRPORT ENVIRONS OVERLAY - BBS SUB-CATEGORIES - DISTANCE FROM AIRPORT 8-13KM SUB-CATEGORY | QPP-CIO-CIM - CRITICAL INFRASTRUCTURE AND MOVEMENT NETWORK (CIMN) OVERLAY - CIMN PLANNING AREA SUB-CATEGORY | QPP-BO-HBU - BUSHFIRE OVERLAY - HIGH HAZARD BUFFER AREA SUB-CATEGORY | QPP-AEO-OLS - AIRPORT ENVIRONS OVERLAY - OBSTACLE LIMITATION SURFACES (OLS) SUB-CATEGORIES | QPP-RHO - ROAD HIERARCHY OVERLAY | QPP-AEO - AIRPORT ENVIRONS OVERLAY | QPP-BNO - BICYCLE NETWORK OVERLAY | QPP-AEO-BBS - AIRPORT ENVIRONS OVERLAY - BIRD AND BAT STRIKE ZONE SUB-CATEGORIES | QPP-AEO-OHL - AIRPORT ENVIRONS OVERLAY - HORIZONTAL LIMITATION SURFACE BOUNDARY SUB-CATEGORY | QPP-RGNP - RIVER GATEWAY NEIGHBOURHOOD PLAN |"
"20 SYDNEY AV","CAMP HILL",1007209,4SP207888,11265483,N/A,N/A,"L.4 SP.207888 PAR BULIMBA",MORNINGSIDE,CURRENT,"Area: 405 sq.m",N/A,N/A,"QPP-LDR - LOW DENSITY RESIDENTIAL ZONE",N/A,N/A,"There are no applications against this property","QPP-SHO - STREETSCAPE HIERARCHY OVERLAY | QPP-BO - BUSHFIRE OVERLAY | QPP-DHO - DWELLING HOUSE CHARACTER OVERLAY | QPP-CIO - CRITICAL INFRASTRUCTURE AND MOVEMENT NETWORK (CIMN) OVERLAY | QPP-AEO-PANS - AIRPORT ENVIRONS OVERLAY - PROCEDURES AIR NAV SERVICES-AIRCRAFT OPS SURFACES SUB-CATEGORIES | QPP-AEO-S13 - AIRPORT ENVIRONS OVERLAY - BBS SUB-CATEGORIES - DISTANCE FROM AIRPORT 8-13KM SUB-CATEGORY | QPP-CIO-CIM - CRITICAL INFRASTRUCTURE AND MOVEMENT NETWORK (CIMN) OVERLAY - CIMN PLANNING AREA SUB-CATEGORY | QPP-BO-HBU - BUSHFIRE OVERLAY - HIGH HAZARD BUFFER AREA SUB-CATEGORY | QPP-AEO-OLS - AIRPORT ENVIRONS OVERLAY - OBSTACLE LIMITATION SURFACES (OLS) SUB-CATEGORIES | QPP-RHO - ROAD HIERARCHY OVERLAY | QPP-AEO - AIRPORT ENVIRONS OVERLAY | QPP-AEO-BBS - AIRPORT ENVIRONS OVERLAY - BIRD AND BAT STRIKE ZONE SUB-CATEGORIES | QPP-BNO - BICYCLE NETWORK OVERLAY | QPP-AEO-OHL - AIRPORT ENVIRONS OVERLAY - HORIZONTAL LIMITATION SURFACE BOUNDARY SUB-CATEGORY | QPP-RGNP - RIVER GATEWAY NEIGHBOURHOOD PLAN |"
"21 SYDNEY AV","CAMP HILL",1132824,1SP202329,11352447,N/A,N/A,"L.1 SP.202329 PAR BULIMBA",MORNINGSIDE,CURRENT,"Area: 405 sq.m",N/A,N/A,"QPP-LDR - LOW DENSITY RESIDENTIAL ZONE",N/A,N/A,"There are no applications against this property","QPP-SHO - STREETSCAPE HIERARCHY OVERLAY | QPP-DHO - DWELLING HOUSE CHARACTER OVERLAY | QPP-CIO - CRITICAL INFRASTRUCTURE AND MOVEMENT NETWORK (CIMN) OVERLAY | QPP-AEO-PANS - AIRPORT ENVIRONS OVERLAY - PROCEDURES AIR NAV SERVICES-AIRCRAFT OPS SURFACES SUB-CATEGORIES | QPP-AEO-S13 - AIRPORT ENVIRONS OVERLAY - BBS SUB-CATEGORIES - DISTANCE FROM AIRPORT 8-13KM SUB-CATEGORY | QPP-CIO-CIM - CRITICAL INFRASTRUCTURE AND MOVEMENT NETWORK (CIMN) OVERLAY - CIMN PLANNING AREA SUB-CATEGORY | QPP-AEO-OLS - AIRPORT ENVIRONS OVERLAY - OBSTACLE LIMITATION SURFACES (OLS) SUB-CATEGORIES | QPP-AEO - AIRPORT ENVIRONS OVERLAY | QPP-RHO - ROAD HIERARCHY OVERLAY | QPP-BNO - BICYCLE NETWORK OVERLAY | QPP-AEO-BBS - AIRPORT ENVIRONS OVERLAY - BIRD AND BAT STRIKE ZONE SUB-CATEGORIES | QPP-AEO-OHL - AIRPORT ENVIRONS OVERLAY - HORIZONTAL LIMITATION SURFACE BOUNDARY SUB-CATEGORY | QPP-RGNP - RIVER GATEWAY NEIGHBOURHOOD PLAN |"
"22 SYDNEY AV","CAMP HILL",909762,1SP174794,11034355,N/A,N/A,"L.1 SP.174794 PAR BULIMBA",MORNINGSIDE,CURRENT,"Area: 405 sq.m",N/A,N/A,"QPP-LDR - LOW DENSITY RESIDENTIAL ZONE",N/A,N/A,"There are no applications against this property","QPP-SHO - STREETSCAPE HIERARCHY OVERLAY | QPP-BO - BUSHFIRE OVERLAY | QPP-DHO - DWELLING HOUSE CHARACTER OVERLAY | QPP-CIO - CRITICAL INFRASTRUCTURE AND MOVEMENT NETWORK (CIMN) OVERLAY | QPP-AEO-PANS - AIRPORT ENVIRONS OVERLAY - PROCEDURES AIR NAV SERVICES-AIRCRAFT OPS SURFACES SUB-CATEGORIES | QPP-AEO-S13 - AIRPORT ENVIRONS OVERLAY - BBS SUB-CATEGORIES - DISTANCE FROM AIRPORT 8-13KM SUB-CATEGORY | QPP-CIO-CIM - CRITICAL INFRASTRUCTURE AND MOVEMENT NETWORK (CIMN) OVERLAY - CIMN PLANNING AREA SUB-CATEGORY | QPP-AEO-OLS - AIRPORT ENVIRONS OVERLAY - OBSTACLE LIMITATION SURFACES (OLS) SUB-CATEGORIES | QPP-RHO - ROAD HIERARCHY OVERLAY | QPP-AEO - AIRPORT ENVIRONS OVERLAY | QPP-BNO - BICYCLE NETWORK OVERLAY | QPP-AEO-BBS - AIRPORT ENVIRONS OVERLAY - BIRD AND BAT STRIKE ZONE SUB-CATEGORIES | QPP-AEO-OHL - AIRPORT ENVIRONS OVERLAY - HORIZONTAL LIMITATION SURFACE BOUNDARY SUB-CATEGORY | QPP-RGNP - RIVER GATEWAY NEIGHBOURHOOD PLAN |"
"23 SYDNEY AV","CAMP HILL",1132825,2SP202329,11352448,N/A,N/A,"L.2 SP.202329 PAR BULIMBA",MORNINGSIDE,CURRENT,"Area: 405 sq.m",N/A,N/A,"QPP-LDR - LOW DENSITY RESIDENTIAL ZONE",N/A,N/A,"There are no applications against this property","QPP-SHO - STREETSCAPE HIERARCHY OVERLAY | QPP-DHO - DWELLING HOUSE CHARACTER OVERLAY | QPP-CIO - CRITICAL INFRASTRUCTURE AND MOVEMENT NETWORK (CIMN) OVERLAY | QPP-AEO-PANS - AIRPORT ENVIRONS OVERLAY - PROCEDURES AIR NAV SERVICES-AIRCRAFT OPS SURFACES SUB-CATEGORIES | QPP-AEO-S13 - AIRPORT ENVIRONS OVERLAY - BBS SUB-CATEGORIES - DISTANCE FROM AIRPORT 8-13KM SUB-CATEGORY | QPP-CIO-CIM - CRITICAL INFRASTRUCTURE AND MOVEMENT NETWORK (CIMN) OVERLAY - CIMN PLANNING AREA SUB-CATEGORY | QPP-AEO-OLS - AIRPORT ENVIRONS OVERLAY - OBSTACLE LIMITATION SURFACES (OLS) SUB-CATEGORIES | QPP-AEO - AIRPORT ENVIRONS OVERLAY | QPP-RHO - ROAD HIERARCHY OVERLAY | QPP-BNO - BICYCLE NETWORK OVERLAY | QPP-AEO-BBS - AIRPORT ENVIRONS OVERLAY - BIRD AND BAT STRIKE ZONE SUB-CATEGORIES | QPP-AEO-OHL - AIRPORT ENVIRONS OVERLAY - HORIZONTAL LIMITATION SURFACE BOUNDARY SUB-CATEGORY | QPP-RGNP - RIVER GATEWAY NEIGHBOURHOOD PLAN |"
"24 SYDNEY AV","CAMP HILL",909763,2SP174794,11034356,N/A,N/A,"L.2 SP.174794 PAR BULIMBA",MORNINGSIDE,CURRENT,"Area: 405 sq.m",N/A,N/A,"QPP-LDR - LOW DENSITY RESIDENTIAL ZONE",N/A,N/A,"There are no applications against this property","QPP-SHO - STREETSCAPE HIERARCHY OVERLAY | QPP-DHO - DWELLING HOUSE CHARACTER OVERLAY | QPP-CIO - CRITICAL INFRASTRUCTURE AND MOVEMENT NETWORK (CIMN) OVERLAY | QPP-AEO-PANS - AIRPORT ENVIRONS OVERLAY - PROCEDURES AIR NAV SERVICES-AIRCRAFT OPS SURFACES SUB-CATEGORIES | QPP-AEO-S13 - AIRPORT ENVIRONS OVERLAY - BBS SUB-CATEGORIES - DISTANCE FROM AIRPORT 8-13KM SUB-CATEGORY | QPP-CIO-CIM - CRITICAL INFRASTRUCTURE AND MOVEMENT NETWORK (CIMN) OVERLAY - CIMN PLANNING AREA SUB-CATEGORY | QPP-AEO-OLS - AIRPORT ENVIRONS OVERLAY - OBSTACLE LIMITATION SURFACES (OLS) SUB-CATEGORIES | QPP-RHO - ROAD HIERARCHY OVERLAY | QPP-AEO - AIRPORT ENVIRONS OVERLAY | QPP-BNO - BICYCLE NETWORK OVERLAY | QPP-AEO-BBS - AIRPORT ENVIRONS OVERLAY - BIRD AND BAT STRIKE ZONE SUB-CATEGORIES | QPP-AEO-OHL - AIRPORT ENVIRONS OVERLAY - HORIZONTAL LIMITATION SURFACE BOUNDARY SUB-CATEGORY | QPP-RGNP - RIVER GATEWAY NEIGHBOURHOOD PLAN |"
"25 SYDNEY AV","CAMP HILL",911746,1SP171332,11033816,N/A,N/A,"L.1 SP.171332 PAR BULIMBA",MORNINGSIDE,CURRENT,"Area: 405 sq.m",N/A,N/A,"QPP-LDR - LOW DENSITY RESIDENTIAL ZONE",N/A,N/A,"There are no applications against this property","QPP-SHO - STREETSCAPE HIERARCHY OVERLAY | QPP-DHO - DWELLING HOUSE CHARACTER OVERLAY | QPP-CIO - CRITICAL INFRASTRUCTURE AND MOVEMENT NETWORK (CIMN) OVERLAY | QPP-AEO-PANS - AIRPORT ENVIRONS OVERLAY - PROCEDURES AIR NAV SERVICES-AIRCRAFT OPS SURFACES SUB-CATEGORIES | QPP-AEO-S13 - AIRPORT ENVIRONS OVERLAY - BBS SUB-CATEGORIES - DISTANCE FROM AIRPORT 8-13KM SUB-CATEGORY | QPP-CIO-CIM - CRITICAL INFRASTRUCTURE AND MOVEMENT NETWORK (CIMN) OVERLAY - CIMN PLANNING AREA SUB-CATEGORY | QPP-AEO-OLS - AIRPORT ENVIRONS OVERLAY - OBSTACLE LIMITATION SURFACES (OLS) SUB-CATEGORIES | QPP-AEO - AIRPORT ENVIRONS OVERLAY | QPP-RHO - ROAD HIERARCHY OVERLAY | QPP-BNO - BICYCLE NETWORK OVERLAY | QPP-AEO-BBS - AIRPORT ENVIRONS OVERLAY - BIRD AND BAT STRIKE ZONE SUB-CATEGORIES | QPP-AEO-OHL - AIRPORT ENVIRONS OVERLAY - HORIZONTAL LIMITATION SURFACE BOUNDARY SUB-CATEGORY | QPP-RGNP - RIVER GATEWAY NEIGHBOURHOOD PLAN |"
"26 SYDNEY AV","CAMP HILL",1096243,1SP250604,11324585,N/A,N/A,"L.1 SP.250604 PAR BULIMBA",MORNINGSIDE,CURRENT,"Area: 405 sq.m",N/A,N/A,"QPP-LDR - LOW DENSITY RESIDENTIAL ZONE",N/A,N/A,"There are no applications against this property","QPP-SHO - STREETSCAPE HIERARCHY OVERLAY | QPP-DHO - DWELLING HOUSE CHARACTER OVERLAY | QPP-CIO - CRITICAL INFRASTRUCTURE AND MOVEMENT NETWORK (CIMN) OVERLAY | QPP-AEO-PANS - AIRPORT ENVIRONS OVERLAY - PROCEDURES AIR NAV SERVICES-AIRCRAFT OPS SURFACES SUB-CATEGORIES | QPP-AEO-S13 - AIRPORT ENVIRONS OVERLAY - BBS SUB-CATEGORIES - DISTANCE FROM AIRPORT 8-13KM SUB-CATEGORY | QPP-CIO-CIM - CRITICAL INFRASTRUCTURE AND MOVEMENT NETWORK (CIMN) OVERLAY - CIMN PLANNING AREA SUB-CATEGORY | QPP-AEO-OLS - AIRPORT ENVIRONS OVERLAY - OBSTACLE LIMITATION SURFACES (OLS) SUB-CATEGORIES | QPP-RHO - ROAD HIERARCHY OVERLAY | QPP-AEO - AIRPORT ENVIRONS OVERLAY | QPP-BNO - BICYCLE NETWORK OVERLAY | QPP-AEO-BBS - AIRPORT ENVIRONS OVERLAY - BIRD AND BAT STRIKE ZONE SUB-CATEGORIES | QPP-AEO-OHL - AIRPORT ENVIRONS OVERLAY - HORIZONTAL LIMITATION SURFACE BOUNDARY SUB-CATEGORY | QPP-RGNP - RIVER GATEWAY NEIGHBOURHOOD PLAN |"
"27 SYDNEY AV","CAMP HILL",911747,2SP171332,11033817,N/A,N/A,"L.2 SP.171332 PAR BULIMBA",MORNINGSIDE,CURRENT,"Area: 405 sq.m",N/A,N/A,"QPP-LDR - LOW DENSITY RESIDENTIAL ZONE",N/A,N/A,"There are no applications against this property","QPP-SHO - STREETSCAPE HIERARCHY OVERLAY | QPP-DHO - DWELLING HOUSE CHARACTER OVERLAY | QPP-CIO - CRITICAL INFRASTRUCTURE AND MOVEMENT NETWORK (CIMN) OVERLAY | QPP-AEO-PANS - AIRPORT ENVIRONS OVERLAY - PROCEDURES AIR NAV SERVICES-AIRCRAFT OPS SURFACES SUB-CATEGORIES | QPP-AEO-S13 - AIRPORT ENVIRONS OVERLAY - BBS SUB-CATEGORIES - DISTANCE FROM AIRPORT 8-13KM SUB-CATEGORY | QPP-CIO-CIM - CRITICAL INFRASTRUCTURE AND MOVEMENT NETWORK (CIMN) OVERLAY - CIMN PLANNING AREA SUB-CATEGORY | QPP-AEO-OLS - AIRPORT ENVIRONS OVERLAY - OBSTACLE LIMITATION SURFACES (OLS) SUB-CATEGORIES | QPP-RHO - ROAD HIERARCHY OVERLAY | QPP-AEO - AIRPORT ENVIRONS OVERLAY | QPP-BNO - BICYCLE NETWORK OVERLAY | QPP-AEO-BBS - AIRPORT ENVIRONS OVERLAY - BIRD AND BAT STRIKE ZONE SUB-CATEGORIES | QPP-AEO-OHL - AIRPORT ENVIRONS OVERLAY - HORIZONTAL LIMITATION SURFACE BOUNDARY SUB-CATEGORY | QPP-RGNP - RIVER GATEWAY NEIGHBOURHOOD PLAN |"
"28 SYDNEY AV","CAMP HILL",1096244,2SP250604,11324586,N/A,N/A,"L.2 SP.250604 PAR BULIMBA",MORNINGSIDE,CURRENT,"Area: 405 sq.m",N/A,N/A,"QPP-LDR - LOW DENSITY RESIDENTIAL ZONE",N/A,N/A,"There are no applications against this property","QPP-SHO - STREETSCAPE HIERARCHY OVERLAY | QPP-DHO - DWELLING HOUSE CHARACTER OVERLAY | QPP-CIO - CRITICAL INFRASTRUCTURE AND MOVEMENT NETWORK (CIMN) OVERLAY | QPP-AEO-PANS - AIRPORT ENVIRONS OVERLAY - PROCEDURES AIR NAV SERVICES-AIRCRAFT OPS SURFACES SUB-CATEGORIES | QPP-AEO-S13 - AIRPORT ENVIRONS OVERLAY - BBS SUB-CATEGORIES - DISTANCE FROM AIRPORT 8-13KM SUB-CATEGORY | QPP-CIO-CIM - CRITICAL INFRASTRUCTURE AND MOVEMENT NETWORK (CIMN) OVERLAY - CIMN PLANNING AREA SUB-CATEGORY | QPP-AEO-OLS - AIRPORT ENVIRONS OVERLAY - OBSTACLE LIMITATION SURFACES (OLS) SUB-CATEGORIES | QPP-RHO - ROAD HIERARCHY OVERLAY | QPP-AEO - AIRPORT ENVIRONS OVERLAY | QPP-BNO - BICYCLE NETWORK OVERLAY | QPP-AEO-BBS - AIRPORT ENVIRONS OVERLAY - BIRD AND BAT STRIKE ZONE SUB-CATEGORIES | QPP-AEO-OHL - AIRPORT ENVIRONS OVERLAY - HORIZONTAL LIMITATION SURFACE BOUNDARY SUB-CATEGORY | QPP-RGNP - RIVER GATEWAY NEIGHBOURHOOD PLAN |"
"30 SYDNEY AV","CAMP HILL",552039,137RP13178,10825964,N/A,N/A,"L.137 RP.13178 PAR BULIMBA",MORNINGSIDE,CURRENT,"Area: 809 sq.m",N/A,N/A,"QPP-LDR - LOW DENSITY RESIDENTIAL ZONE",N/A,N/A,"There are no applications against this property","QPP-SHO - STREETSCAPE HIERARCHY OVERLAY | QPP-DHO - DWELLING HOUSE CHARACTER OVERLAY | QPP-CIO - CRITICAL INFRASTRUCTURE AND MOVEMENT NETWORK (CIMN) OVERLAY | QPP-AEO-PANS - AIRPORT ENVIRONS OVERLAY - PROCEDURES AIR NAV SERVICES-AIRCRAFT OPS SURFACES SUB-CATEGORIES | QPP-AEO-S13 - AIRPORT ENVIRONS OVERLAY - BBS SUB-CATEGORIES - DISTANCE FROM AIRPORT 8-13KM SUB-CATEGORY | QPP-CIO-CIM - CRITICAL INFRASTRUCTURE AND MOVEMENT NETWORK (CIMN) OVERLAY - CIMN PLANNING AREA SUB-CATEGORY | QPP-AEO-OLS - AIRPORT ENVIRONS OVERLAY - OBSTACLE LIMITATION SURFACES (OLS) SUB-CATEGORIES | QPP-AEO - AIRPORT ENVIRONS OVERLAY | QPP-RHO - ROAD HIERARCHY OVERLAY | QPP-BNO - BICYCLE NETWORK OVERLAY | QPP-AEO-BBS - AIRPORT ENVIRONS OVERLAY - BIRD AND BAT STRIKE ZONE SUB-CATEGORIES | QPP-AEO-OHL - AIRPORT ENVIRONS OVERLAY - HORIZONTAL LIMITATION SURFACE BOUNDARY SUB-CATEGORY | QPP-RGNP - RIVER GATEWAY NEIGHBOURHOOD PLAN |"
"31 SYDNEY AV","CAMP HILL",552040,124RP13178,10825965,N/A,N/A,"L.124 RP.13178 PAR BULIMBA",MORNINGSIDE,CURRENT,"Area: 809 sq.m",N/A,N/A,"QPP-LDR - LOW DENSITY RESIDENTIAL ZONE",N/A,N/A,"There are no applications against this property","QPP-SHO - STREETSCAPE HIERARCHY OVERLAY | QPP-DHO - DWELLING HOUSE CHARACTER OVERLAY | QPP-CIO - CRITICAL INFRASTRUCTURE AND MOVEMENT NETWORK (CIMN) OVERLAY | QPP-AEO-PANS - AIRPORT ENVIRONS OVERLAY - PROCEDURES AIR NAV SERVICES-AIRCRAFT OPS SURFACES SUB-CATEGORIES | QPP-AEO-S13 - AIRPORT ENVIRONS OVERLAY - BBS SUB-CATEGORIES - DISTANCE FROM AIRPORT 8-13KM SUB-CATEGORY | QPP-CIO-CIM - CRITICAL INFRASTRUCTURE AND MOVEMENT NETWORK (CIMN) OVERLAY - CIMN PLANNING AREA SUB-CATEGORY | QPP-AEO-OLS - AIRPORT ENVIRONS OVERLAY - OBSTACLE LIMITATION SURFACES (OLS) SUB-CATEGORIES | QPP-RHO - ROAD HIERARCHY OVERLAY | QPP-AEO - AIRPORT ENVIRONS OVERLAY | QPP-BNO - BICYCLE NETWORK OVERLAY | QPP-AEO-BBS - AIRPORT ENVIRONS OVERLAY - BIRD AND BAT STRIKE ZONE SUB-CATEGORIES | QPP-AEO-OHL - AIRPORT ENVIRONS OVERLAY - HORIZONTAL LIMITATION SURFACE BOUNDARY SUB-CATEGORY | QPP-RGNP - RIVER GATEWAY NEIGHBOURHOOD PLAN |"
"32 SYDNEY AV","CAMP HILL",1062023,10SP234377,11302400,N/A,N/A,"L.10 SP.234377 PAR BULIMBA",MORNINGSIDE,CURRENT,"Area: 405 sq.m",N/A,N/A,"QPP-LDR - LOW DENSITY RESIDENTIAL ZONE",N/A,N/A,"There are no applications against this property","QPP-SHO - STREETSCAPE HIERARCHY OVERLAY | QPP-DHO - DWELLING HOUSE CHARACTER OVERLAY | QPP-CIO - CRITICAL INFRASTRUCTURE AND MOVEMENT NETWORK (CIMN) OVERLAY | QPP-AEO-PANS - AIRPORT ENVIRONS OVERLAY - PROCEDURES AIR NAV SERVICES-AIRCRAFT OPS SURFACES SUB-CATEGORIES | QPP-AEO-S13 - AIRPORT ENVIRONS OVERLAY - BBS SUB-CATEGORIES - DISTANCE FROM AIRPORT 8-13KM SUB-CATEGORY | QPP-CIO-CIM - CRITICAL INFRASTRUCTURE AND MOVEMENT NETWORK (CIMN) OVERLAY - CIMN PLANNING AREA SUB-CATEGORY | QPP-AEO-OLS - AIRPORT ENVIRONS OVERLAY - OBSTACLE LIMITATION SURFACES (OLS) SUB-CATEGORIES | QPP-AEO - AIRPORT ENVIRONS OVERLAY | QPP-RHO - ROAD HIERARCHY OVERLAY | QPP-BNO - BICYCLE NETWORK OVERLAY | QPP-AEO-BBS - AIRPORT ENVIRONS OVERLAY - BIRD AND BAT STRIKE ZONE SUB-CATEGORIES | QPP-AEO-OHL - AIRPORT ENVIRONS OVERLAY - HORIZONTAL LIMITATION SURFACE BOUNDARY SUB-CATEGORY | QPP-RGNP - RIVER GATEWAY NEIGHBOURHOOD PLAN |"
"34 SYDNEY AV","CAMP HILL",1062024,11SP234377,11302401,N/A,N/A,"L.11 SP.234377 PAR BULIMBA",MORNINGSIDE,CURRENT,"Area: 405 sq.m",N/A,N/A,"QPP-LDR - LOW DENSITY RESIDENTIAL ZONE",N/A,N/A,"There are no applications against this property","QPP-SHO - STREETSCAPE HIERARCHY OVERLAY | QPP-DHO - DWELLING HOUSE CHARACTER OVERLAY | QPP-CIO - CRITICAL INFRASTRUCTURE AND MOVEMENT NETWORK (CIMN) OVERLAY | QPP-AEO-PANS - AIRPORT ENVIRONS OVERLAY - PROCEDURES AIR NAV SERVICES-AIRCRAFT OPS SURFACES SUB-CATEGORIES | QPP-AEO-S13 - AIRPORT ENVIRONS OVERLAY - BBS SUB-CATEGORIES - DISTANCE FROM AIRPORT 8-13KM SUB-CATEGORY | QPP-CIO-CIM - CRITICAL INFRASTRUCTURE AND MOVEMENT NETWORK (CIMN) OVERLAY - CIMN PLANNING AREA SUB-CATEGORY | QPP-AEO-OLS - AIRPORT ENVIRONS OVERLAY - OBSTACLE LIMITATION SURFACES (OLS) SUB-CATEGORIES | QPP-AEO - AIRPORT ENVIRONS OVERLAY | QPP-RHO - ROAD HIERARCHY OVERLAY | QPP-BNO - BICYCLE NETWORK OVERLAY | QPP-AEO-BBS - AIRPORT ENVIRONS OVERLAY - BIRD AND BAT STRIKE ZONE SUB-CATEGORIES | QPP-AEO-OHL - AIRPORT ENVIRONS OVERLAY - HORIZONTAL LIMITATION SURFACE BOUNDARY SUB-CATEGORY | QPP-RGNP - RIVER GATEWAY NEIGHBOURHOOD PLAN |"
"35 SYDNEY AV","CAMP HILL",552042,123RP13178,10825967,N/A,N/A,"L.123 RP.13178 PAR BULIMBA",MORNINGSIDE,CURRENT,"Area: 809 sq.m",N/A,N/A,"QPP-LDR - LOW DENSITY RESIDENTIAL ZONE",N/A,N/A,"There are no applications against this property","QPP-SHO - STREETSCAPE HIERARCHY OVERLAY | QPP-DHO - DWELLING HOUSE CHARACTER OVERLAY | QPP-CIO - CRITICAL INFRASTRUCTURE AND MOVEMENT NETWORK (CIMN) OVERLAY | QPP-AEO-PANS - AIRPORT ENVIRONS OVERLAY - PROCEDURES AIR NAV SERVICES-AIRCRAFT OPS SURFACES SUB-CATEGORIES | QPP-AEO-S13 - AIRPORT ENVIRONS OVERLAY - BBS SUB-CATEGORIES - DISTANCE FROM AIRPORT 8-13KM SUB-CATEGORY | QPP-CIO-CIM - CRITICAL INFRASTRUCTURE AND MOVEMENT NETWORK (CIMN) OVERLAY - CIMN PLANNING AREA SUB-CATEGORY | QPP-AEO-OLS - AIRPORT ENVIRONS OVERLAY - OBSTACLE LIMITATION SURFACES (OLS) SUB-CATEGORIES | QPP-RHO - ROAD HIERARCHY OVERLAY | QPP-AEO - AIRPORT ENVIRONS OVERLAY | QPP-BNO - BICYCLE NETWORK OVERLAY | QPP-AEO-BBS - AIRPORT ENVIRONS OVERLAY - BIRD AND BAT STRIKE ZONE SUB-CATEGORIES | QPP-AEO-OHL - AIRPORT ENVIRONS OVERLAY - HORIZONTAL LIMITATION SURFACE BOUNDARY SUB-CATEGORY | QPP-RGNP - RIVER GATEWAY NEIGHBOURHOOD PLAN |"
"37 SYDNEY AV","CAMP HILL",1037823,101SP220878,11284962,N/A,N/A,"L.101 SP.220878 PAR BULIMBA",MORNINGSIDE,CURRENT,"Area: 405 sq.m",N/A,N/A,"QPP-CR1 - CHARACTER (CHARACTER) ZONE",N/A,N/A,"There are no applications against this property","QPP-SHO - STREETSCAPE HIERARCHY OVERLAY | QPP-DHO - DWELLING HOUSE CHARACTER OVERLAY | QPP-CIO - CRITICAL INFRASTRUCTURE AND MOVEMENT NETWORK (CIMN) OVERLAY | QPP-AEO-PANS - AIRPORT ENVIRONS OVERLAY - PROCEDURES AIR NAV SERVICES-AIRCRAFT OPS SURFACES SUB-CATEGORIES | QPP-AEO-S13 - AIRPORT ENVIRONS OVERLAY - BBS SUB-CATEGORIES - DISTANCE FROM AIRPORT 8-13KM SUB-CATEGORY | QPP-CIO-CIM - CRITICAL INFRASTRUCTURE AND MOVEMENT NETWORK (CIMN) OVERLAY - CIMN PLANNING AREA SUB-CATEGORY | QPP-TBCO - TRADITIONAL BUILDING CHARACTER OVERLAY | QPP-AEO-OLS - AIRPORT ENVIRONS OVERLAY - OBSTACLE LIMITATION SURFACES (OLS) SUB-CATEGORIES | QPP-TBCO-N - TRADITIONAL BUILDING CHARACTER OVERLAY - NEIGHBOURHOOD CHARACTER SUB-CATEGORY | QPP-AEO - AIRPORT ENVIRONS OVERLAY | QPP-RHO - ROAD HIERARCHY OVERLAY | QPP-BNO - BICYCLE NETWORK OVERLAY | QPP-AEO-BBS - AIRPORT ENVIRONS OVERLAY - BIRD AND BAT STRIKE ZONE SUB-CATEGORIES | QPP-AEO-OHL - AIRPORT ENVIRONS OVERLAY - HORIZONTAL LIMITATION SURFACE BOUNDARY SUB-CATEGORY | QPP-RGNP - RIVER GATEWAY NEIGHBOURHOOD PLAN |"
"38 SYDNEY AV","CAMP HILL",921583,1SP181978,11208587,N/A,N/A,"L.1 SP.181978 PAR BULIMBA",MORNINGSIDE,CURRENT,"Area: 405 sq.m",N/A,N/A,"QPP-LDR - LOW DENSITY RESIDENTIAL ZONE",N/A,N/A,"There are no applications against this property","QPP-SHO - STREETSCAPE HIERARCHY OVERLAY | QPP-DHO - DWELLING HOUSE CHARACTER OVERLAY | QPP-CIO - CRITICAL INFRASTRUCTURE AND MOVEMENT NETWORK (CIMN) OVERLAY | QPP-AEO-PANS - AIRPORT ENVIRONS OVERLAY - PROCEDURES AIR NAV SERVICES-AIRCRAFT OPS SURFACES SUB-CATEGORIES | QPP-AEO-S13 - AIRPORT ENVIRONS OVERLAY - BBS SUB-CATEGORIES - DISTANCE FROM AIRPORT 8-13KM SUB-CATEGORY | QPP-CIO-CIM - CRITICAL INFRASTRUCTURE AND MOVEMENT NETWORK (CIMN) OVERLAY - CIMN PLANNING AREA SUB-CATEGORY | QPP-AEO-OLS - AIRPORT ENVIRONS OVERLAY - OBSTACLE LIMITATION SURFACES (OLS) SUB-CATEGORIES | QPP-AEO - AIRPORT ENVIRONS OVERLAY | QPP-RHO - ROAD HIERARCHY OVERLAY | QPP-BNO - BICYCLE NETWORK OVERLAY | QPP-AEO-BBS - AIRPORT ENVIRONS OVERLAY - BIRD AND BAT STRIKE ZONE SUB-CATEGORIES | QPP-AEO-OHL - AIRPORT ENVIRONS OVERLAY - HORIZONTAL LIMITATION SURFACE BOUNDARY SUB-CATEGORY | QPP-RGNP - RIVER GATEWAY NEIGHBOURHOOD PLAN |"
"39 SYDNEY AV","CAMP HILL",1037824,102SP220878,11284963,N/A,N/A,"L.102 SP.220878 PAR BULIMBA",MORNINGSIDE,CURRENT,"Area: 404 sq.m",N/A,N/A,"QPP-CR1 - CHARACTER (CHARACTER) ZONE",N/A,N/A,"A003515752 - House over 8.5m, House in DCP, House On Small Lot, House in DCP, House over 8.5m, House On Small Lot","QPP-SHO - STREETSCAPE HIERARCHY OVERLAY | QPP-DHO - DWELLING HOUSE CHARACTER OVERLAY | QPP-CIO - CRITICAL INFRASTRUCTURE AND MOVEMENT NETWORK (CIMN) OVERLAY | QPP-AEO-PANS - AIRPORT ENVIRONS OVERLAY - PROCEDURES AIR NAV SERVICES-AIRCRAFT OPS SURFACES SUB-CATEGORIES | QPP-AEO-S13 - AIRPORT ENVIRONS OVERLAY - BBS SUB-CATEGORIES - DISTANCE FROM AIRPORT 8-13KM SUB-CATEGORY | QPP-CIO-CIM - CRITICAL INFRASTRUCTURE AND MOVEMENT NETWORK (CIMN) OVERLAY - CIMN PLANNING AREA SUB-CATEGORY | QPP-TBCO - TRADITIONAL BUILDING CHARACTER OVERLAY | QPP-AEO-OLS - AIRPORT ENVIRONS OVERLAY - OBSTACLE LIMITATION SURFACES (OLS) SUB-CATEGORIES | QPP-TBCO-N - TRADITIONAL BUILDING CHARACTER OVERLAY - NEIGHBOURHOOD CHARACTER SUB-CATEGORY | QPP-AEO - AIRPORT ENVIRONS OVERLAY | QPP-RHO - ROAD HIERARCHY OVERLAY | QPP-BNO - BICYCLE NETWORK OVERLAY | QPP-AEO-BBS - AIRPORT ENVIRONS OVERLAY - BIRD AND BAT STRIKE ZONE SUB-CATEGORIES | QPP-AEO-OHL - AIRPORT ENVIRONS OVERLAY - HORIZONTAL LIMITATION SURFACE BOUNDARY SUB-CATEGORY | QPP-RGNP - RIVER GATEWAY NEIGHBOURHOOD PLAN |"
"40 SYDNEY AV","CAMP HILL",921584,2SP181978,11208588,N/A,N/A,"L.2 SP.181978 PAR BULIMBA",MORNINGSIDE,CURRENT,"Area: 405 sq.m",N/A,N/A,"QPP-LDR - LOW DENSITY RESIDENTIAL ZONE",N/A,N/A,"There are no applications against this property","QPP-SHO - STREETSCAPE HIERARCHY OVERLAY | QPP-DHO - DWELLING HOUSE CHARACTER OVERLAY | QPP-CIO - CRITICAL INFRASTRUCTURE AND MOVEMENT NETWORK (CIMN) OVERLAY | QPP-AEO-PANS - AIRPORT ENVIRONS OVERLAY - PROCEDURES AIR NAV SERVICES-AIRCRAFT OPS SURFACES SUB-CATEGORIES | QPP-AEO-S13 - AIRPORT ENVIRONS OVERLAY - BBS SUB-CATEGORIES - DISTANCE FROM AIRPORT 8-13KM SUB-CATEGORY | QPP-CIO-CIM - CRITICAL INFRASTRUCTURE AND MOVEMENT NETWORK (CIMN) OVERLAY - CIMN PLANNING AREA SUB-CATEGORY | QPP-AEO-OLS - AIRPORT ENVIRONS OVERLAY - OBSTACLE LIMITATION SURFACES (OLS) SUB-CATEGORIES | QPP-AEO - AIRPORT ENVIRONS OVERLAY | QPP-RHO - ROAD HIERARCHY OVERLAY | QPP-BNO - BICYCLE NETWORK OVERLAY | QPP-AEO-BBS - AIRPORT ENVIRONS OVERLAY - BIRD AND BAT STRIKE ZONE SUB-CATEGORIES | QPP-AEO-OHL - AIRPORT ENVIRONS OVERLAY - HORIZONTAL LIMITATION SURFACE BOUNDARY SUB-CATEGORY | QPP-RGNP - RIVER GATEWAY NEIGHBOURHOOD PLAN |"
"42 SYDNEY AV","CAMP HILL",552045,140RP13178,10825970,N/A,N/A,"L.140 RP.13178 PAR BULIMBA",MORNINGSIDE,CURRENT,"Area: 809 sq.m",N/A,N/A,"QPP-LDR - LOW DENSITY RESIDENTIAL ZONE",N/A,N/A,"There are no applications against this property","QPP-SHO - STREETSCAPE HIERARCHY OVERLAY | QPP-DHO - DWELLING HOUSE CHARACTER OVERLAY | QPP-CIO - CRITICAL INFRASTRUCTURE AND MOVEMENT NETWORK (CIMN) OVERLAY | QPP-AEO-PANS - AIRPORT ENVIRONS OVERLAY - PROCEDURES AIR NAV SERVICES-AIRCRAFT OPS SURFACES SUB-CATEGORIES | QPP-AEO-S13 - AIRPORT ENVIRONS OVERLAY - BBS SUB-CATEGORIES - DISTANCE FROM AIRPORT 8-13KM SUB-CATEGORY | QPP-CIO-CIM - CRITICAL INFRASTRUCTURE AND MOVEMENT NETWORK (CIMN) OVERLAY - CIMN PLANNING AREA SUB-CATEGORY | QPP-AEO-OLS - AIRPORT ENVIRONS OVERLAY - OBSTACLE LIMITATION SURFACES (OLS) SUB-CATEGORIES | QPP-AEO - AIRPORT ENVIRONS OVERLAY | QPP-RHO - ROAD HIERARCHY OVERLAY | QPP-BNO - BICYCLE NETWORK OVERLAY | QPP-AEO-BBS - AIRPORT ENVIRONS OVERLAY - BIRD AND BAT STRIKE ZONE SUB-CATEGORIES | QPP-AEO-OHL - AIRPORT ENVIRONS OVERLAY - HORIZONTAL LIMITATION SURFACE BOUNDARY SUB-CATEGORY | QPP-RGNP - RIVER GATEWAY NEIGHBOURHOOD PLAN |"
"43 SYDNEY AV","CAMP HILL",552046,121RP13178,10825971,N/A,N/A,"L.121 RP.13178 PAR BULIMBA",MORNINGSIDE,CURRENT,"Area: 809 sq.m",N/A,N/A,"QPP-LDR - LOW DENSITY RESIDENTIAL ZONE",N/A,N/A,"There are no applications against this property","QPP-SHO - STREETSCAPE HIERARCHY OVERLAY | QPP-DHO - DWELLING HOUSE CHARACTER OVERLAY | QPP-CIO - CRITICAL INFRASTRUCTURE AND MOVEMENT NETWORK (CIMN) OVERLAY | QPP-AEO-PANS - AIRPORT ENVIRONS OVERLAY - PROCEDURES AIR NAV SERVICES-AIRCRAFT OPS SURFACES SUB-CATEGORIES | QPP-AEO-S13 - AIRPORT ENVIRONS OVERLAY - BBS SUB-CATEGORIES - DISTANCE FROM AIRPORT 8-13KM SUB-CATEGORY | QPP-CIO-CIM - CRITICAL INFRASTRUCTURE AND MOVEMENT NETWORK (CIMN) OVERLAY - CIMN PLANNING AREA SUB-CATEGORY | QPP-AEO-OLS - AIRPORT ENVIRONS OVERLAY - OBSTACLE LIMITATION SURFACES (OLS) SUB-CATEGORIES | QPP-RHO - ROAD HIERARCHY OVERLAY | QPP-AEO - AIRPORT ENVIRONS OVERLAY | QPP-BNO - BICYCLE NETWORK OVERLAY | QPP-AEO-BBS - AIRPORT ENVIRONS OVERLAY - BIRD AND BAT STRIKE ZONE SUB-CATEGORIES | QPP-AEO-OHL - AIRPORT ENVIRONS OVERLAY - HORIZONTAL LIMITATION SURFACE BOUNDARY SUB-CATEGORY | QPP-RGNP - RIVER GATEWAY NEIGHBOURHOOD PLAN |"
"46 SYDNEY AV","CAMP HILL",552047,141RP13178,10825972,N/A,N/A,"L.141 RP.13178 PAR BULIMBA",MORNINGSIDE,CURRENT,"Area: 809 sq.m",N/A,N/A,"QPP-LDR - LOW DENSITY RESIDENTIAL ZONE",N/A,N/A,"There are no applications against this property","QPP-SHO - STREETSCAPE HIERARCHY OVERLAY | QPP-DHO - DWELLING HOUSE CHARACTER OVERLAY | QPP-CIO - CRITICAL INFRASTRUCTURE AND MOVEMENT NETWORK (CIMN) OVERLAY | QPP-AEO-PANS - AIRPORT ENVIRONS OVERLAY - PROCEDURES AIR NAV SERVICES-AIRCRAFT OPS SURFACES SUB-CATEGORIES | QPP-AEO-S13 - AIRPORT ENVIRONS OVERLAY - BBS SUB-CATEGORIES - DISTANCE FROM AIRPORT 8-13KM SUB-CATEGORY | QPP-CIO-CIM - CRITICAL INFRASTRUCTURE AND MOVEMENT NETWORK (CIMN) OVERLAY - CIMN PLANNING AREA SUB-CATEGORY | QPP-AEO-OLS - AIRPORT ENVIRONS OVERLAY - OBSTACLE LIMITATION SURFACES (OLS) SUB-CATEGORIES | QPP-AEO - AIRPORT ENVIRONS OVERLAY | QPP-RHO - ROAD HIERARCHY OVERLAY | QPP-BNO - BICYCLE NETWORK OVERLAY | QPP-AEO-BBS - AIRPORT ENVIRONS OVERLAY - BIRD AND BAT STRIKE ZONE SUB-CATEGORIES | QPP-AEO-OHL - AIRPORT ENVIRONS OVERLAY - HORIZONTAL LIMITATION SURFACE BOUNDARY SUB-CATEGORY | QPP-RGNP - RIVER GATEWAY NEIGHBOURHOOD PLAN |"
"47 SYDNEY AV","CAMP HILL",552048,120RP13178,10825973,N/A,N/A,"L.120 RP.13178 PAR BULIMBA",MORNINGSIDE,CURRENT,"Area: 809 sq.m",N/A,N/A,"QPP-LDR - LOW DENSITY RESIDENTIAL ZONE",N/A,N/A,"There are no applications against this property","QPP-SHO - STREETSCAPE HIERARCHY OVERLAY | QPP-DHO - DWELLING HOUSE CHARACTER OVERLAY | QPP-CIO - CRITICAL INFRASTRUCTURE AND MOVEMENT NETWORK (CIMN) OVERLAY | QPP-AEO-PANS - AIRPORT ENVIRONS OVERLAY - PROCEDURES AIR NAV SERVICES-AIRCRAFT OPS SURFACES SUB-CATEGORIES | QPP-AEO-S13 - AIRPORT ENVIRONS OVERLAY - BBS SUB-CATEGORIES - DISTANCE FROM AIRPORT 8-13KM SUB-CATEGORY | QPP-CIO-CIM - CRITICAL INFRASTRUCTURE AND MOVEMENT NETWORK (CIMN) OVERLAY - CIMN PLANNING AREA SUB-CATEGORY | QPP-AEO-OLS - AIRPORT ENVIRONS OVERLAY - OBSTACLE LIMITATION SURFACES (OLS) SUB-CATEGORIES | QPP-AEO - AIRPORT ENVIRONS OVERLAY | QPP-RHO - ROAD HIERARCHY OVERLAY | QPP-BNO - BICYCLE NETWORK OVERLAY | QPP-AEO-BBS - AIRPORT ENVIRONS OVERLAY - BIRD AND BAT STRIKE ZONE SUB-CATEGORIES | QPP-AEO-OHL - AIRPORT ENVIRONS OVERLAY - HORIZONTAL LIMITATION SURFACE BOUNDARY SUB-CATEGORY | QPP-RGNP - RIVER GATEWAY NEIGHBOURHOOD PLAN |"
"48 SYDNEY AV","CAMP HILL",1131194,1SP264984,11351512,N/A,N/A,"L.1 SP.264984 PAR BULIMBA",MORNINGSIDE,CURRENT,"Area: 405 sq.m",N/A,N/A,"QPP-LDR - LOW DENSITY RESIDENTIAL ZONE",N/A,N/A,"There are no applications against this property","QPP-SHO - STREETSCAPE HIERARCHY OVERLAY | QPP-DHO - DWELLING HOUSE CHARACTER OVERLAY | QPP-CIO - CRITICAL INFRASTRUCTURE AND MOVEMENT NETWORK (CIMN) OVERLAY | QPP-AEO-PANS - AIRPORT ENVIRONS OVERLAY - PROCEDURES AIR NAV SERVICES-AIRCRAFT OPS SURFACES SUB-CATEGORIES | QPP-AEO-S13 - AIRPORT ENVIRONS OVERLAY - BBS SUB-CATEGORIES - DISTANCE FROM AIRPORT 8-13KM SUB-CATEGORY | QPP-CIO-CIM - CRITICAL INFRASTRUCTURE AND MOVEMENT NETWORK (CIMN) OVERLAY - CIMN PLANNING AREA SUB-CATEGORY | QPP-AEO-OLS - AIRPORT ENVIRONS OVERLAY - OBSTACLE LIMITATION SURFACES (OLS) SUB-CATEGORIES | QPP-AEO - AIRPORT ENVIRONS OVERLAY | QPP-RHO - ROAD HIERARCHY OVERLAY | QPP-BNO - BICYCLE NETWORK OVERLAY | QPP-AEO-BBS - AIRPORT ENVIRONS OVERLAY - BIRD AND BAT STRIKE ZONE SUB-CATEGORIES | QPP-AEO-OHL - AIRPORT ENVIRONS OVERLAY - HORIZONTAL LIMITATION SURFACE BOUNDARY SUB-CATEGORY | QPP-RGNP - RIVER GATEWAY NEIGHBOURHOOD PLAN |"
"50 SYDNEY AV","CAMP HILL",1131195,2SP264984,11351513,N/A,N/A,"L.2 SP.264984 PAR BULIMBA",MORNINGSIDE,CURRENT,"Area: 405 sq.m",N/A,N/A,"QPP-LDR - LOW DENSITY RESIDENTIAL ZONE",N/A,N/A,"There are no applications against this property","QPP-SHO - STREETSCAPE HIERARCHY OVERLAY | QPP-DHO - DWELLING HOUSE CHARACTER OVERLAY | QPP-CIO - CRITICAL INFRASTRUCTURE AND MOVEMENT NETWORK (CIMN) OVERLAY | QPP-AEO-PANS - AIRPORT ENVIRONS OVERLAY - PROCEDURES AIR NAV SERVICES-AIRCRAFT OPS SURFACES SUB-CATEGORIES | QPP-AEO-S13 - AIRPORT ENVIRONS OVERLAY - BBS SUB-CATEGORIES - DISTANCE FROM AIRPORT 8-13KM SUB-CATEGORY | QPP-CIO-CIM - CRITICAL INFRASTRUCTURE AND MOVEMENT NETWORK (CIMN) OVERLAY - CIMN PLANNING AREA SUB-CATEGORY | QPP-AEO-OLS - AIRPORT ENVIRONS OVERLAY - OBSTACLE LIMITATION SURFACES (OLS) SUB-CATEGORIES | QPP-AEO - AIRPORT ENVIRONS OVERLAY | QPP-RHO - ROAD HIERARCHY OVERLAY | QPP-BNO - BICYCLE NETWORK OVERLAY | QPP-AEO-BBS - AIRPORT ENVIRONS OVERLAY - BIRD AND BAT STRIKE ZONE SUB-CATEGORIES | QPP-AEO-OHL - AIRPORT ENVIRONS OVERLAY - HORIZONTAL LIMITATION SURFACE BOUNDARY SUB-CATEGORY | QPP-RGNP - RIVER GATEWAY NEIGHBOURHOOD PLAN |"
"51 SYDNEY AV","CAMP HILL",552050,119RP13178,10825975,N/A,N/A,"L.119 RP.13178 PAR BULIMBA",MORNINGSIDE,CURRENT,"Area: 809 sq.m",N/A,N/A,"QPP-LDR - LOW DENSITY RESIDENTIAL ZONE",N/A,N/A,"There are no applications against this property","QPP-SHO - STREETSCAPE HIERARCHY OVERLAY | QPP-DHO - DWELLING HOUSE CHARACTER OVERLAY | QPP-CIO - CRITICAL INFRASTRUCTURE AND MOVEMENT NETWORK (CIMN) OVERLAY | QPP-AEO-PANS - AIRPORT ENVIRONS OVERLAY - PROCEDURES AIR NAV SERVICES-AIRCRAFT OPS SURFACES SUB-CATEGORIES | QPP-AEO-S13 - AIRPORT ENVIRONS OVERLAY - BBS SUB-CATEGORIES - DISTANCE FROM AIRPORT 8-13KM SUB-CATEGORY | QPP-CIO-CIM - CRITICAL INFRASTRUCTURE AND MOVEMENT NETWORK (CIMN) OVERLAY - CIMN PLANNING AREA SUB-CATEGORY | QPP-SLO - SIGNIFICANT LANDSCAPE TREE OVERLAY | QPP-AEO-OLS - AIRPORT ENVIRONS OVERLAY - OBSTACLE LIMITATION SURFACES (OLS) SUB-CATEGORIES | QPP-AEO - AIRPORT ENVIRONS OVERLAY | QPP-RHO - ROAD HIERARCHY OVERLAY | QPP-BNO - BICYCLE NETWORK OVERLAY | QPP-AEO-BBS - AIRPORT ENVIRONS OVERLAY - BIRD AND BAT STRIKE ZONE SUB-CATEGORIES | QPP-SLO-VPO - SIGNIFICANT LANDSCAPE TREE OVERLAY - VEGETATION PROTECTION ORDER SUB-CATEGORY | QPP-AEO-OHL - AIRPORT ENVIRONS OVERLAY - HORIZONTAL LIMITATION SURFACE BOUNDARY SUB-CATEGORY | QPP-RGNP - RIVER GATEWAY NEIGHBOURHOOD PLAN |"
"52 SYDNEY AV","CAMP HILL",1070265,1SP232396,11307365,N/A,N/A,"L.1 SP.232396 PAR BULIMBA",MORNINGSIDE,CURRENT,"Area: 405 sq.m",N/A,N/A,"QPP-LDR - LOW DENSITY RESIDENTIAL ZONE",N/A,N/A,"There are no applications against this property","QPP-SHO - STREETSCAPE HIERARCHY OVERLAY | QPP-DHO - DWELLING HOUSE CHARACTER OVERLAY | QPP-CIO - CRITICAL INFRASTRUCTURE AND MOVEMENT NETWORK (CIMN) OVERLAY | QPP-AEO-PANS - AIRPORT ENVIRONS OVERLAY - PROCEDURES AIR NAV SERVICES-AIRCRAFT OPS SURFACES SUB-CATEGORIES | QPP-AEO-S13 - AIRPORT ENVIRONS OVERLAY - BBS SUB-CATEGORIES - DISTANCE FROM AIRPORT 8-13KM SUB-CATEGORY | QPP-CIO-CIM - CRITICAL INFRASTRUCTURE AND MOVEMENT NETWORK (CIMN) OVERLAY - CIMN PLANNING AREA SUB-CATEGORY | QPP-AEO-OLS - AIRPORT ENVIRONS OVERLAY - OBSTACLE LIMITATION SURFACES (OLS) SUB-CATEGORIES | QPP-RHO - ROAD HIERARCHY OVERLAY | QPP-AEO - AIRPORT ENVIRONS OVERLAY | QPP-BNO - BICYCLE NETWORK OVERLAY | QPP-AEO-BBS - AIRPORT ENVIRONS OVERLAY - BIRD AND BAT STRIKE ZONE SUB-CATEGORIES | QPP-AEO-OHL - AIRPORT ENVIRONS OVERLAY - HORIZONTAL LIMITATION SURFACE BOUNDARY SUB-CATEGORY | QPP-RGNP - RIVER GATEWAY NEIGHBOURHOOD PLAN |"
"54 SYDNEY AV","CAMP HILL",1070266,2SP232396,11307366,N/A,N/A,"L.2 SP.232396 PAR BULIMBA",MORNINGSIDE,CURRENT,"Area: 405 sq.m",N/A,N/A,"QPP-LDR - LOW DENSITY RESIDENTIAL ZONE",N/A,N/A,"There are no applications against this property","QPP-SHO - STREETSCAPE HIERARCHY OVERLAY | QPP-DHO - DWELLING HOUSE CHARACTER OVERLAY | QPP-CIO - CRITICAL INFRASTRUCTURE AND MOVEMENT NETWORK (CIMN) OVERLAY | QPP-AEO-PANS - AIRPORT ENVIRONS OVERLAY - PROCEDURES AIR NAV SERVICES-AIRCRAFT OPS SURFACES SUB-CATEGORIES | QPP-AEO-S13 - AIRPORT ENVIRONS OVERLAY - BBS SUB-CATEGORIES - DISTANCE FROM AIRPORT 8-13KM SUB-CATEGORY | QPP-CIO-CIM - CRITICAL INFRASTRUCTURE AND MOVEMENT NETWORK (CIMN) OVERLAY - CIMN PLANNING AREA SUB-CATEGORY | QPP-AEO-OLS - AIRPORT ENVIRONS OVERLAY - OBSTACLE LIMITATION SURFACES (OLS) SUB-CATEGORIES | QPP-AEO - AIRPORT ENVIRONS OVERLAY | QPP-RHO - ROAD HIERARCHY OVERLAY | QPP-BNO - BICYCLE NETWORK OVERLAY | QPP-AEO-BBS - AIRPORT ENVIRONS OVERLAY - BIRD AND BAT STRIKE ZONE SUB-CATEGORIES | QPP-AEO-OHL - AIRPORT ENVIRONS OVERLAY - HORIZONTAL LIMITATION SURFACE BOUNDARY SUB-CATEGORY | QPP-RGNP - RIVER GATEWAY NEIGHBOURHOOD PLAN |"
"55 SYDNEY AV","CAMP HILL",552052,118RP13178,10825977,N/A,N/A,"L.118 RP.13178 PAR BULIMBA",MORNINGSIDE,CURRENT,"Area: 809 sq.m",N/A,N/A,"QPP-LDR - LOW DENSITY RESIDENTIAL ZONE",N/A,N/A,"There are no applications against this property","QPP-SHO - STREETSCAPE HIERARCHY OVERLAY | QPP-DHO - DWELLING HOUSE CHARACTER OVERLAY | QPP-CIO - CRITICAL INFRASTRUCTURE AND MOVEMENT NETWORK (CIMN) OVERLAY | QPP-AEO-S13 - AIRPORT ENVIRONS OVERLAY - BBS SUB-CATEGORIES - DISTANCE FROM AIRPORT 8-13KM SUB-CATEGORY | QPP-AEO-PANS - AIRPORT ENVIRONS OVERLAY - PROCEDURES AIR NAV SERVICES-AIRCRAFT OPS SURFACES SUB-CATEGORIES | QPP-CIO-CIM - CRITICAL INFRASTRUCTURE AND MOVEMENT NETWORK (CIMN) OVERLAY - CIMN PLANNING AREA SUB-CATEGORY | QPP-AEO-OLS - AIRPORT ENVIRONS OVERLAY - OBSTACLE LIMITATION SURFACES (OLS) SUB-CATEGORIES | QPP-AEO - AIRPORT ENVIRONS OVERLAY | QPP-RHO - ROAD HIERARCHY OVERLAY | QPP-BNO - BICYCLE NETWORK OVERLAY | QPP-AEO-BBS - AIRPORT ENVIRONS OVERLAY - BIRD AND BAT STRIKE ZONE SUB-CATEGORIES | QPP-AEO-OHL - AIRPORT ENVIRONS OVERLAY - HORIZONTAL LIMITATION SURFACE BOUNDARY SUB-CATEGORY | QPP-RGNP - RIVER GATEWAY NEIGHBOURHOOD PLAN |"
"56 SYDNEY AV","CAMP HILL",552053,43RP73375,10825978,N/A,N/A,"L.43 RP.73375 PAR BULIMBA",MORNINGSIDE,CURRENT,"Area: 630 sq.m",N/A,N/A,"QPP-LDR - LOW DENSITY RESIDENTIAL ZONE",N/A,N/A,"There are no applications against this property","QPP-SHO - STREETSCAPE HIERARCHY OVERLAY | QPP-DHO - DWELLING HOUSE CHARACTER OVERLAY | QPP-CIO - CRITICAL INFRASTRUCTURE AND MOVEMENT NETWORK (CIMN) OVERLAY | QPP-AEO-S13 - AIRPORT ENVIRONS OVERLAY - BBS SUB-CATEGORIES - DISTANCE FROM AIRPORT 8-13KM SUB-CATEGORY | QPP-AEO-PANS - AIRPORT ENVIRONS OVERLAY - PROCEDURES AIR NAV SERVICES-AIRCRAFT OPS SURFACES SUB-CATEGORIES | QPP-CIO-CIM - CRITICAL INFRASTRUCTURE AND MOVEMENT NETWORK (CIMN) OVERLAY - CIMN PLANNING AREA SUB-CATEGORY | QPP-AEO-OLS - AIRPORT ENVIRONS OVERLAY - OBSTACLE LIMITATION SURFACES (OLS) SUB-CATEGORIES | QPP-AEO - AIRPORT ENVIRONS OVERLAY | QPP-RHO - ROAD HIERARCHY OVERLAY | QPP-BNO - BICYCLE NETWORK OVERLAY | QPP-AEO-BBS - AIRPORT ENVIRONS OVERLAY - BIRD AND BAT STRIKE ZONE SUB-CATEGORIES | QPP-AEO-OHL - AIRPORT ENVIRONS OVERLAY - HORIZONTAL LIMITATION SURFACE BOUNDARY SUB-CATEGORY | QPP-RGNP - RIVER GATEWAY NEIGHBOURHOOD PLAN |"
"57 SYDNEY AV","CAMP HILL",552054,42RP73375,10825979,N/A,N/A,"L.42 RP.73375 PAR BULIMBA",MORNINGSIDE,CURRENT,"Area: 630 sq.m",N/A,N/A,"QPP-LDR - LOW DENSITY RESIDENTIAL ZONE",N/A,N/A,"There are no applications against this property","QPP-SHO - STREETSCAPE HIERARCHY OVERLAY | QPP-DHO - DWELLING HOUSE CHARACTER OVERLAY | QPP-CIO - CRITICAL INFRASTRUCTURE AND MOVEMENT NETWORK (CIMN) OVERLAY | QPP-AEO-PANS - AIRPORT ENVIRONS OVERLAY - PROCEDURES AIR NAV SERVICES-AIRCRAFT OPS SURFACES SUB-CATEGORIES | QPP-AEO-S13 - AIRPORT ENVIRONS OVERLAY - BBS SUB-CATEGORIES - DISTANCE FROM AIRPORT 8-13KM SUB-CATEGORY | QPP-CIO-CIM - CRITICAL INFRASTRUCTURE AND MOVEMENT NETWORK (CIMN) OVERLAY - CIMN PLANNING AREA SUB-CATEGORY | QPP-AEO-OLS - AIRPORT ENVIRONS OVERLAY - OBSTACLE LIMITATION SURFACES (OLS) SUB-CATEGORIES | QPP-RHO - ROAD HIERARCHY OVERLAY | QPP-BNO - BICYCLE NETWORK OVERLAY | QPP-AEO - AIRPORT ENVIRONS OVERLAY | QPP-AEO-BBS - AIRPORT ENVIRONS OVERLAY - BIRD AND BAT STRIKE ZONE SUB-CATEGORIES | QPP-AEO-OHL - AIRPORT ENVIRONS OVERLAY - HORIZONTAL LIMITATION SURFACE BOUNDARY SUB-CATEGORY | QPP-RGNP - RIVER GATEWAY NEIGHBOURHOOD PLAN |"
"58 SYDNEY AV","CAMP HILL",552055,44RP73375,10825980,N/A,N/A,"L.44 RP.73375 PAR BULIMBA",MORNINGSIDE,CURRENT,"Area: 630 sq.m",N/A,N/A,"QPP-LDR - LOW DENSITY RESIDENTIAL ZONE",N/A,N/A,"There are no applications against this property","QPP-SHO - STREETSCAPE HIERARCHY OVERLAY | QPP-DHO - DWELLING HOUSE CHARACTER OVERLAY | QPP-CIO - CRITICAL INFRASTRUCTURE AND MOVEMENT NETWORK (CIMN) OVERLAY | QPP-AEO-PANS - AIRPORT ENVIRONS OVERLAY - PROCEDURES AIR NAV SERVICES-AIRCRAFT OPS SURFACES SUB-CATEGORIES | QPP-AEO-S13 - AIRPORT ENVIRONS OVERLAY - BBS SUB-CATEGORIES - DISTANCE FROM AIRPORT 8-13KM SUB-CATEGORY | QPP-CIO-CIM - CRITICAL INFRASTRUCTURE AND MOVEMENT NETWORK (CIMN) OVERLAY - CIMN PLANNING AREA SUB-CATEGORY | QPP-AEO-OLS - AIRPORT ENVIRONS OVERLAY - OBSTACLE LIMITATION SURFACES (OLS) SUB-CATEGORIES | QPP-RHO - ROAD HIERARCHY OVERLAY | QPP-AEO - AIRPORT ENVIRONS OVERLAY | QPP-BNO - BICYCLE NETWORK OVERLAY | QPP-AEO-BBS - AIRPORT ENVIRONS OVERLAY - BIRD AND BAT STRIKE ZONE SUB-CATEGORIES | QPP-AEO-OHL - AIRPORT ENVIRONS OVERLAY - HORIZONTAL LIMITATION SURFACE BOUNDARY SUB-CATEGORY | QPP-RGNP - RIVER GATEWAY NEIGHBOURHOOD PLAN |"
"59 SYDNEY AV","CAMP HILL",552056,41RP73375,10825981,N/A,N/A,"L.41 RP.73375 PAR BULIMBA",MORNINGSIDE,CURRENT,"Area: 630 sq.m",N/A,N/A,"QPP-LDR - LOW DENSITY RESIDENTIAL ZONE",N/A,N/A,"There are no applications against this property","QPP-SHO - STREETSCAPE HIERARCHY OVERLAY | QPP-DHO - DWELLING HOUSE CHARACTER OVERLAY | QPP-CIO - CRITICAL INFRASTRUCTURE AND MOVEMENT NETWORK (CIMN) OVERLAY | QPP-AEO-S13 - AIRPORT ENVIRONS OVERLAY - BBS SUB-CATEGORIES - DISTANCE FROM AIRPORT 8-13KM SUB-CATEGORY | QPP-AEO-PANS - AIRPORT ENVIRONS OVERLAY - PROCEDURES AIR NAV SERVICES-AIRCRAFT OPS SURFACES SUB-CATEGORIES | QPP-CIO-CIM - CRITICAL INFRASTRUCTURE AND MOVEMENT NETWORK (CIMN) OVERLAY - CIMN PLANNING AREA SUB-CATEGORY | QPP-AEO-OLS - AIRPORT ENVIRONS OVERLAY - OBSTACLE LIMITATION SURFACES (OLS) SUB-CATEGORIES | QPP-AEO - AIRPORT ENVIRONS OVERLAY | QPP-RHO - ROAD HIERARCHY OVERLAY | QPP-BNO - BICYCLE NETWORK OVERLAY | QPP-AEO-BBS - AIRPORT ENVIRONS OVERLAY - BIRD AND BAT STRIKE ZONE SUB-CATEGORIES | QPP-AEO-OHL - AIRPORT ENVIRONS OVERLAY - HORIZONTAL LIMITATION SURFACE BOUNDARY SUB-CATEGORY | QPP-RGNP - RIVER GATEWAY NEIGHBOURHOOD PLAN |"
"60 SYDNEY AV","CAMP HILL",552057,45RP73375,10825982,N/A,N/A,"L.45 RP.73375 PAR BULIMBA",MORNINGSIDE,CURRENT,"Area: 630 sq.m",N/A,N/A,"QPP-LDR - LOW DENSITY RESIDENTIAL ZONE",N/A,N/A,"There are no applications against this property","QPP-SHO - STREETSCAPE HIERARCHY OVERLAY | QPP-DHO - DWELLING HOUSE CHARACTER OVERLAY | QPP-CIO - CRITICAL INFRASTRUCTURE AND MOVEMENT NETWORK (CIMN) OVERLAY | QPP-AEO-PANS - AIRPORT ENVIRONS OVERLAY - PROCEDURES AIR NAV SERVICES-AIRCRAFT OPS SURFACES SUB-CATEGORIES | QPP-AEO-S13 - AIRPORT ENVIRONS OVERLAY - BBS SUB-CATEGORIES - DISTANCE FROM AIRPORT 8-13KM SUB-CATEGORY | QPP-CIO-CIM - CRITICAL INFRASTRUCTURE AND MOVEMENT NETWORK (CIMN) OVERLAY - CIMN PLANNING AREA SUB-CATEGORY | QPP-AEO-OLS - AIRPORT ENVIRONS OVERLAY - OBSTACLE LIMITATION SURFACES (OLS) SUB-CATEGORIES | QPP-RHO - ROAD HIERARCHY OVERLAY | QPP-BNO - BICYCLE NETWORK OVERLAY | QPP-AEO - AIRPORT ENVIRONS OVERLAY | QPP-AEO-BBS - AIRPORT ENVIRONS OVERLAY - BIRD AND BAT STRIKE ZONE SUB-CATEGORIES | QPP-AEO-OHL - AIRPORT ENVIRONS OVERLAY - HORIZONTAL LIMITATION SURFACE BOUNDARY SUB-CATEGORY | QPP-RGNP - RIVER GATEWAY NEIGHBOURHOOD PLAN |"
"61 SYDNEY AV","CAMP HILL",552058,40RP73375,10825983,N/A,N/A,"L.40 RP.73375 PAR BULIMBA",MORNINGSIDE,CURRENT,"Area: 630 sq.m",N/A,N/A,"QPP-LDR - LOW DENSITY RESIDENTIAL ZONE",N/A,N/A,"There are no applications against this property","QPP-SHO - STREETSCAPE HIERARCHY OVERLAY | QPP-DHO - DWELLING HOUSE CHARACTER OVERLAY | QPP-CIO - CRITICAL INFRASTRUCTURE AND MOVEMENT NETWORK (CIMN) OVERLAY | QPP-AEO-PANS - AIRPORT ENVIRONS OVERLAY - PROCEDURES AIR NAV SERVICES-AIRCRAFT OPS SURFACES SUB-CATEGORIES | QPP-AEO-S13 - AIRPORT ENVIRONS OVERLAY - BBS SUB-CATEGORIES - DISTANCE FROM AIRPORT 8-13KM SUB-CATEGORY | QPP-CIO-CIM - CRITICAL INFRASTRUCTURE AND MOVEMENT NETWORK (CIMN) OVERLAY - CIMN PLANNING AREA SUB-CATEGORY | QPP-AEO-OLS - AIRPORT ENVIRONS OVERLAY - OBSTACLE LIMITATION SURFACES (OLS) SUB-CATEGORIES | QPP-AEO - AIRPORT ENVIRONS OVERLAY | QPP-RHO - ROAD HIERARCHY OVERLAY | QPP-BNO - BICYCLE NETWORK OVERLAY | QPP-AEO-BBS - AIRPORT ENVIRONS OVERLAY - BIRD AND BAT STRIKE ZONE SUB-CATEGORIES | QPP-AEO-OHL - AIRPORT ENVIRONS OVERLAY - HORIZONTAL LIMITATION SURFACE BOUNDARY SUB-CATEGORY | QPP-RGNP - RIVER GATEWAY NEIGHBOURHOOD PLAN |"
"62 SYDNEY AV","CAMP HILL",552059,46RP73375,10825984,N/A,N/A,"L.46 RP.73375 PAR BULIMBA",MORNINGSIDE,CURRENT,"Area: 630 sq.m",N/A,N/A,"QPP-LDR - LOW DENSITY RESIDENTIAL ZONE",N/A,N/A,"There are no applications against this property","QPP-SHO - STREETSCAPE HIERARCHY OVERLAY | QPP-DHO - DWELLING HOUSE CHARACTER OVERLAY | QPP-CIO - CRITICAL INFRASTRUCTURE AND MOVEMENT NETWORK (CIMN) OVERLAY | QPP-AEO-PANS - AIRPORT ENVIRONS OVERLAY - PROCEDURES AIR NAV SERVICES-AIRCRAFT OPS SURFACES SUB-CATEGORIES | QPP-AEO-S13 - AIRPORT ENVIRONS OVERLAY - BBS SUB-CATEGORIES - DISTANCE FROM AIRPORT 8-13KM SUB-CATEGORY | QPP-CIO-CIM - CRITICAL INFRASTRUCTURE AND MOVEMENT NETWORK (CIMN) OVERLAY - CIMN PLANNING AREA SUB-CATEGORY | QPP-AEO-OLS - AIRPORT ENVIRONS OVERLAY - OBSTACLE LIMITATION SURFACES (OLS) SUB-CATEGORIES | QPP-RHO - ROAD HIERARCHY OVERLAY | QPP-AEO - AIRPORT ENVIRONS OVERLAY | QPP-BNO - BICYCLE NETWORK OVERLAY | QPP-AEO-BBS - AIRPORT ENVIRONS OVERLAY - BIRD AND BAT STRIKE ZONE SUB-CATEGORIES | QPP-AEO-OHL - AIRPORT ENVIRONS OVERLAY - HORIZONTAL LIMITATION SURFACE BOUNDARY SUB-CATEGORY | QPP-RGNP - RIVER GATEWAY NEIGHBOURHOOD PLAN |"
"63 SYDNEY AV","CAMP HILL",552060,39RP73375,10825985,N/A,N/A,"L.39 RP.73375 PAR BULIMBA",MORNINGSIDE,CURRENT,"Area: 630 sq.m",N/A,N/A,"QPP-LDR - LOW DENSITY RESIDENTIAL ZONE",N/A,N/A,"There are no applications against this property","QPP-SHO - STREETSCAPE HIERARCHY OVERLAY | QPP-DHO - DWELLING HOUSE CHARACTER OVERLAY | QPP-CIO - CRITICAL INFRASTRUCTURE AND MOVEMENT NETWORK (CIMN) OVERLAY | QPP-AEO-PANS - AIRPORT ENVIRONS OVERLAY - PROCEDURES AIR NAV SERVICES-AIRCRAFT OPS SURFACES SUB-CATEGORIES | QPP-AEO-S13 - AIRPORT ENVIRONS OVERLAY - BBS SUB-CATEGORIES - DISTANCE FROM AIRPORT 8-13KM SUB-CATEGORY | QPP-CIO-CIM - CRITICAL INFRASTRUCTURE AND MOVEMENT NETWORK (CIMN) OVERLAY - CIMN PLANNING AREA SUB-CATEGORY | QPP-AEO-OLS - AIRPORT ENVIRONS OVERLAY - OBSTACLE LIMITATION SURFACES (OLS) SUB-CATEGORIES | QPP-RHO - ROAD HIERARCHY OVERLAY | QPP-BNO - BICYCLE NETWORK OVERLAY | QPP-AEO - AIRPORT ENVIRONS OVERLAY | QPP-AEO-BBS - AIRPORT ENVIRONS OVERLAY - BIRD AND BAT STRIKE ZONE SUB-CATEGORIES | QPP-AEO-OHL - AIRPORT ENVIRONS OVERLAY - HORIZONTAL LIMITATION SURFACE BOUNDARY SUB-CATEGORY | QPP-RGNP - RIVER GATEWAY NEIGHBOURHOOD PLAN |"
"64 SYDNEY AV","CAMP HILL",552061,47RP73375,10825986,N/A,N/A,"L.47 RP.73375 PAR BULIMBA",MORNINGSIDE,CURRENT,"Area: 630 sq.m",N/A,N/A,"QPP-LDR - LOW DENSITY RESIDENTIAL ZONE",N/A,N/A,"There are no applications against this property","QPP-SHO - STREETSCAPE HIERARCHY OVERLAY | QPP-DHO - DWELLING HOUSE CHARACTER OVERLAY | QPP-CIO - CRITICAL INFRASTRUCTURE AND MOVEMENT NETWORK (CIMN) OVERLAY | QPP-AEO-PANS - AIRPORT ENVIRONS OVERLAY - PROCEDURES AIR NAV SERVICES-AIRCRAFT OPS SURFACES SUB-CATEGORIES | QPP-AEO-S13 - AIRPORT ENVIRONS OVERLAY - BBS SUB-CATEGORIES - DISTANCE FROM AIRPORT 8-13KM SUB-CATEGORY | QPP-CIO-CIM - CRITICAL INFRASTRUCTURE AND MOVEMENT NETWORK (CIMN) OVERLAY - CIMN PLANNING AREA SUB-CATEGORY | QPP-AEO-OLS - AIRPORT ENVIRONS OVERLAY - OBSTACLE LIMITATION SURFACES (OLS) SUB-CATEGORIES | QPP-RHO - ROAD HIERARCHY OVERLAY | QPP-AEO - AIRPORT ENVIRONS OVERLAY | QPP-AEO-BBS - AIRPORT ENVIRONS OVERLAY - BIRD AND BAT STRIKE ZONE SUB-CATEGORIES | QPP-BNO - BICYCLE NETWORK OVERLAY | QPP-AEO-OHL - AIRPORT ENVIRONS OVERLAY - HORIZONTAL LIMITATION SURFACE BOUNDARY SUB-CATEGORY | QPP-RGNP - RIVER GATEWAY NEIGHBOURHOOD PLAN |"
"65 SYDNEY AV","CAMP HILL",552062,38RP73375,10825987,N/A,N/A,"L.38 RP.73375 PAR BULIMBA",MORNINGSIDE,CURRENT,"Area: 630 sq.m",N/A,N/A,"QPP-LDR - LOW DENSITY RESIDENTIAL ZONE",N/A,N/A,"There are no applications against this property","QPP-SHO - STREETSCAPE HIERARCHY OVERLAY | QPP-DHO - DWELLING HOUSE CHARACTER OVERLAY | QPP-CIO - CRITICAL INFRASTRUCTURE AND MOVEMENT NETWORK (CIMN) OVERLAY | QPP-AEO-PANS - AIRPORT ENVIRONS OVERLAY - PROCEDURES AIR NAV SERVICES-AIRCRAFT OPS SURFACES SUB-CATEGORIES | QPP-AEO-S13 - AIRPORT ENVIRONS OVERLAY - BBS SUB-CATEGORIES - DISTANCE FROM AIRPORT 8-13KM SUB-CATEGORY | QPP-CIO-CIM - CRITICAL INFRASTRUCTURE AND MOVEMENT NETWORK (CIMN) OVERLAY - CIMN PLANNING AREA SUB-CATEGORY | QPP-AEO-OLS - AIRPORT ENVIRONS OVERLAY - OBSTACLE LIMITATION SURFACES (OLS) SUB-CATEGORIES | QPP-RHO - ROAD HIERARCHY OVERLAY | QPP-AEO - AIRPORT ENVIRONS OVERLAY | QPP-BNO - BICYCLE NETWORK OVERLAY | QPP-AEO-BBS - AIRPORT ENVIRONS OVERLAY - BIRD AND BAT STRIKE ZONE SUB-CATEGORIES | QPP-AEO-OHL - AIRPORT ENVIRONS OVERLAY - HORIZONTAL LIMITATION SURFACE BOUNDARY SUB-CATEGORY | QPP-RGNP - RIVER GATEWAY NEIGHBOURHOOD PLAN |"
"66 SYDNEY AV","CAMP HILL",552063,48RP73375,10825988,N/A,N/A,"L.48 RP.73375 PAR BULIMBA",MORNINGSIDE,CURRENT,"Area: 630 sq.m",N/A,N/A,"QPP-LDR - LOW DENSITY RESIDENTIAL ZONE",N/A,N/A,"There are no applications against this property","QPP-SHO - STREETSCAPE HIERARCHY OVERLAY | QPP-DHO - DWELLING HOUSE CHARACTER OVERLAY | QPP-CIO - CRITICAL INFRASTRUCTURE AND MOVEMENT NETWORK (CIMN) OVERLAY | QPP-AEO-PANS - AIRPORT ENVIRONS OVERLAY - PROCEDURES AIR NAV SERVICES-AIRCRAFT OPS SURFACES SUB-CATEGORIES | QPP-AEO-S13 - AIRPORT ENVIRONS OVERLAY - BBS SUB-CATEGORIES - DISTANCE FROM AIRPORT 8-13KM SUB-CATEGORY | QPP-CIO-CIM - CRITICAL INFRASTRUCTURE AND MOVEMENT NETWORK (CIMN) OVERLAY - CIMN PLANNING AREA SUB-CATEGORY | QPP-AEO-OLS - AIRPORT ENVIRONS OVERLAY - OBSTACLE LIMITATION SURFACES (OLS) SUB-CATEGORIES | QPP-AEO - AIRPORT ENVIRONS OVERLAY | QPP-RHO - ROAD HIERARCHY OVERLAY | QPP-BNO - BICYCLE NETWORK OVERLAY | QPP-AEO-BBS - AIRPORT ENVIRONS OVERLAY - BIRD AND BAT STRIKE ZONE SUB-CATEGORIES | QPP-AEO-OHL - AIRPORT ENVIRONS OVERLAY - HORIZONTAL LIMITATION SURFACE BOUNDARY SUB-CATEGORY | QPP-RGNP - RIVER GATEWAY NEIGHBOURHOOD PLAN |"
"67 SYDNEY AV","CAMP HILL",552064,37RP73375,10825989,N/A,N/A,"L.37 RP.73375 PAR BULIMBA",MORNINGSIDE,CURRENT,"Area: 630 sq.m",N/A,N/A,"QPP-LDR - LOW DENSITY RESIDENTIAL ZONE",N/A,N/A,"There are no applications against this property","QPP-SHO - STREETSCAPE HIERARCHY OVERLAY | QPP-DHO - DWELLING HOUSE CHARACTER OVERLAY | QPP-CIO - CRITICAL INFRASTRUCTURE AND MOVEMENT NETWORK (CIMN) OVERLAY | QPP-AEO-PANS - AIRPORT ENVIRONS OVERLAY - PROCEDURES AIR NAV SERVICES-AIRCRAFT OPS SURFACES SUB-CATEGORIES | QPP-AEO-S13 - AIRPORT ENVIRONS OVERLAY - BBS SUB-CATEGORIES - DISTANCE FROM AIRPORT 8-13KM SUB-CATEGORY | QPP-CIO-CIM - CRITICAL INFRASTRUCTURE AND MOVEMENT NETWORK (CIMN) OVERLAY - CIMN PLANNING AREA SUB-CATEGORY | QPP-AEO-OLS - AIRPORT ENVIRONS OVERLAY - OBSTACLE LIMITATION SURFACES (OLS) SUB-CATEGORIES | QPP-RHO - ROAD HIERARCHY OVERLAY | QPP-AEO - AIRPORT ENVIRONS OVERLAY | QPP-BNO - BICYCLE NETWORK OVERLAY | QPP-AEO-BBS - AIRPORT ENVIRONS OVERLAY - BIRD AND BAT STRIKE ZONE SUB-CATEGORIES | QPP-AEO-OHL - AIRPORT ENVIRONS OVERLAY - HORIZONTAL LIMITATION SURFACE BOUNDARY SUB-CATEGORY | QPP-RGNP - RIVER GATEWAY NEIGHBOURHOOD PLAN |"
"68 SYDNEY AV","CAMP HILL",552065,49RP73375,10825990,N/A,N/A,"L.49 RP.73375 PAR BULIMBA",MORNINGSIDE,CURRENT,"Area: 630 sq.m",N/A,N/A,"QPP-LDR - LOW DENSITY RESIDENTIAL ZONE",N/A,N/A,"There are no applications against this property","QPP-SHO - STREETSCAPE HIERARCHY OVERLAY | QPP-DHO - DWELLING HOUSE CHARACTER OVERLAY | QPP-CIO - CRITICAL INFRASTRUCTURE AND MOVEMENT NETWORK (CIMN) OVERLAY | QPP-AEO-PANS - AIRPORT ENVIRONS OVERLAY - PROCEDURES AIR NAV SERVICES-AIRCRAFT OPS SURFACES SUB-CATEGORIES | QPP-AEO-S13 - AIRPORT ENVIRONS OVERLAY - BBS SUB-CATEGORIES - DISTANCE FROM AIRPORT 8-13KM SUB-CATEGORY | QPP-CIO-CIM - CRITICAL INFRASTRUCTURE AND MOVEMENT NETWORK (CIMN) OVERLAY - CIMN PLANNING AREA SUB-CATEGORY | QPP-AEO-OLS - AIRPORT ENVIRONS OVERLAY - OBSTACLE LIMITATION SURFACES (OLS) SUB-CATEGORIES | QPP-AEO - AIRPORT ENVIRONS OVERLAY | QPP-RHO - ROAD HIERARCHY OVERLAY | QPP-BNO - BICYCLE NETWORK OVERLAY | QPP-AEO-BBS - AIRPORT ENVIRONS OVERLAY - BIRD AND BAT STRIKE ZONE SUB-CATEGORIES | QPP-AEO-OHL - AIRPORT ENVIRONS OVERLAY - HORIZONTAL LIMITATION SURFACE BOUNDARY SUB-CATEGORY | QPP-RGNP - RIVER GATEWAY NEIGHBOURHOOD PLAN |"
"41 HEASLOP TC",ANNERLEY,452368,78RP37857,10675954,N/A,N/A,"L.78 RP.37857 PAR Y'PILLY",TENNYSON,CURRENT,"Area: 405 sq.m",N/A,N/A,"QPP-CR2 - CHARACTER (INFILL HOUSING) ZONE",N/A,N/A,"There are no applications against this property","QPP-SHO - STREETSCAPE HIERARCHY OVERLAY | QPP-CIO - CRITICAL INFRASTRUCTURE AND MOVEMENT NETWORK (CIMN) OVERLAY | QPP-DHO - DWELLING HOUSE CHARACTER OVERLAY | QPP-AEO-PANS - AIRPORT ENVIRONS OVERLAY - PROCEDURES AIR NAV SERVICES-AIRCRAFT OPS SURFACES SUB-CATEGORIES | QPP-CIO-CIM - CRITICAL INFRASTRUCTURE AND MOVEMENT NETWORK (CIMN) OVERLAY - CIMN PLANNING AREA SUB-CATEGORY | QPP-AEO-S8 - AIRPORT ENVIRONS OVERLAY - BBS SUB-CATEGORIES - DISTANCE FROM AIRPORT 3-8KM SUB-CATEGORY | QPP-TBCO - TRADITIONAL BUILDING CHARACTER OVERLAY | QPP-AEO-OLS - AIRPORT ENVIRONS OVERLAY - OBSTACLE LIMITATION SURFACES (OLS) SUB-CATEGORIES | QPP-ASSO-P - POTENTIAL AND ACTUAL ACID SULFATE SOILS OVERLAY-POTENTIAL AND ACTUAL ACID SULFATE SOILS SUB-CATEGORY | QPP-ASSO-L2 - POTENTIAL AND ACTUAL ACID SULFATE SOILS OVERLAY - LAND ABOVE 5M AHD AND BELOW 20M AHD SUB-CATEGORY | QPP-TBCO-N - TRADITIONAL BUILDING CHARACTER OVERLAY - NEIGHBOURHOOD CHARACTER SUB-CATEGORY | QPP-AEO - AIRPORT ENVIRONS OVERLAY | QPP-RHO - ROAD HIERARCHY OVERLAY | QPP-AEO-BBS - AIRPORT ENVIRONS OVERLAY - BIRD AND BAT STRIKE ZONE SUB-CATEGORIES | QPP-MSDNP - MOOROOKA-STEPHENS DISTRICT NEIGHBOURHOOD PLAN | QPP-ASSO - POTENTIAL AND ACTUAL ACID SULFATE SOILS OVERLAY | QPP-AEO-OAD - AIRPORT ENVIRONS OVERLAY - APPROACH AND DEPARTURE LIMITATION SURFACE BOUNDARY AND CONTOURS SUB-CAT |"
"42 HEASLOP TC",ANNERLEY,452369,2RP55620,10675955,N/A,N/A,"L.2 RP.55620 PAR Y'PILLY",TENNYSON,CURRENT,"Area: 850 sq.m",N/A,N/A,"QPP-CR2 - CHARACTER (INFILL HOUSING) ZONE",N/A,N/A,"There are no applications against this property","QPP-SHO - STREETSCAPE HIERARCHY OVERLAY | QPP-TNO - TRANSPORT NOISE CORRIDOR OVERLAY | QPP-CIO - CRITICAL INFRASTRUCTURE AND MOVEMENT NETWORK (CIMN) OVERLAY | QPP-DHO - DWELLING HOUSE CHARACTER OVERLAY | QPP-AEO-PANS - AIRPORT ENVIRONS OVERLAY - PROCEDURES AIR NAV SERVICES-AIRCRAFT OPS SURFACES SUB-CATEGORIES | QPP-CIO-CIM - CRITICAL INFRASTRUCTURE AND MOVEMENT NETWORK (CIMN) OVERLAY - CIMN PLANNING AREA SUB-CATEGORY | QPP-AEO-S8 - AIRPORT ENVIRONS OVERLAY - BBS SUB-CATEGORIES - DISTANCE FROM AIRPORT 3-8KM SUB-CATEGORY | QPP-TBCO - TRADITIONAL BUILDING CHARACTER OVERLAY | QPP-AEO-OLS - AIRPORT ENVIRONS OVERLAY - OBSTACLE LIMITATION SURFACES (OLS) SUB-CATEGORIES | QPP-TBCO-N - TRADITIONAL BUILDING CHARACTER OVERLAY - NEIGHBOURHOOD CHARACTER SUB-CATEGORY | QPP-AEO - AIRPORT ENVIRONS OVERLAY | QPP-RHO - ROAD HIERARCHY OVERLAY | QPP-AEO-BBS - AIRPORT ENVIRONS OVERLAY - BIRD AND BAT STRIKE ZONE SUB-CATEGORIES | QPP-TNO-QD1 - TRANSPORT NOISE CORRIDOR OVERLAY - QUEENSLAND DEVELOPMENT CODE MP4.4 NOISE CATEGORY 1 SUB-CATEGORY | QPP-MSDNP - MOOROOKA-STEPHENS DISTRICT NEIGHBOURHOOD PLAN | QPP-AEO-OAD - AIRPORT ENVIRONS OVERLAY - APPROACH AND DEPARTURE LIMITATION SURFACE BOUNDARY AND CONTOURS SUB-CAT |"
